[
    {
        "pk": 1,
        "model": "auth.group",
        "fields": {
            "name": "Beta albums",
            "permissions": [
                66
            ]
        }
    },
    {
        "pk": 4,
        "model": "auth.user",
        "fields": {
            "username": "test",
            "first_name": "",
            "last_name": "",
            "is_active": true,
            "is_superuser": false,
            "is_staff": false,
            "last_login": "2012-09-02T20:27:52.857",
            "groups": [
                1
            ],
            "user_permissions": [],
            "password": "pbkdf2_sha256$10000$2XlRm0F30Y7I$aPYviDxjpqE6TtC/Vvf8i50Ju+5d96jlCAIrIhnDc1g=",
            "email": "test@test.com",
            "date_joined": "2012-07-30T22:54:15"
        }
    },
    {
        "pk": 1,
        "model": "auth.user",
        "fields": {
            "username": "BBT",
            "first_name": "Sergei",
            "last_name": "Maertens",
            "is_active": true,
            "is_superuser": true,
            "is_staff": true,
            "last_login": "2012-10-05T15:31:17.813",
            "groups": [],
            "user_permissions": [],
            "password": "pbkdf2_sha256$10000$bgUAgGyBXvya$XSoR65fGQUMBebCAL4e0ugumRDbGI1/Sikv57Fqno7c=",
            "email": "sergeimaertens@gmail.com",
            "date_joined": "2010-11-28T01:58:00"
        }
    },
    {
        "pk": 2,
        "model": "auth.user",
        "fields": {
            "username": "Mytheny",
            "first_name": "",
            "last_name": "",
            "is_active": true,
            "is_superuser": false,
            "is_staff": false,
            "last_login": "2010-11-28T19:36:00",
            "groups": [],
            "user_permissions": [],
            "password": "sha1$2b20a$60329f2b904dde6906ba54d57811242b0c65e917",
            "email": "",
            "date_joined": "2010-11-28T19:36:00"
        }
    },
    {
        "pk": 3,
        "model": "auth.user",
        "fields": {
            "username": "joe_silent",
            "first_name": "",
            "last_name": "",
            "is_active": true,
            "is_superuser": false,
            "is_staff": false,
            "last_login": "2011-01-10T14:04:16",
            "groups": [],
            "user_permissions": [],
            "password": "sha1$5f85b$d03537e8147c7f552ba97e2d6fce1f9f8a7ca7e4",
            "email": "",
            "date_joined": "2011-01-10T14:03:10"
        }
    },
    {
        "pk": 17,
        "model": "auth.user",
        "fields": {
            "username": "djon",
            "first_name": "",
            "last_name": "",
            "is_active": false,
            "is_superuser": false,
            "is_staff": false,
            "last_login": "2012-09-04T21:51:54.247",
            "groups": [],
            "user_permissions": [],
            "password": "pbkdf2_sha256$10000$x9b9mIPL28y1$j7CEyP2PJ29vGZISRdPR4lQf8DE6TMsz5iRNMC4ULFs=",
            "email": "djon_stam@hotmail.com",
            "date_joined": "2012-09-04T21:51:54.247"
        }
    },
    {
        "pk": 13,
        "model": "auth.user",
        "fields": {
            "username": "Ren\u00e9_Duret",
            "first_name": "",
            "last_name": "",
            "is_active": true,
            "is_superuser": false,
            "is_staff": false,
            "last_login": "2012-09-04T23:27:56.957",
            "groups": [],
            "user_permissions": [],
            "password": "pbkdf2_sha256$10000$0UuoxnixnCBd$up4t0Rza/NyxMBEy6aUT7ZI6uzGqbD2GUzXor/YZ1gQ=",
            "email": "reneduret@casema.nl",
            "date_joined": "2012-09-04T19:55:10.078"
        }
    },
    {
        "pk": 1,
        "model": "sites.site",
        "fields": {
            "domain": "example.com",
            "name": "example.com"
        }
    },
    {
        "pk": 1,
        "model": "awards.category",
        "fields": {
            "name": "Militaire luchtvaart"
        }
    },
    {
        "pk": 2,
        "model": "awards.category",
        "fields": {
            "name": "Civiele luchtvaart"
        }
    },
    {
        "pk": 3,
        "model": "awards.category",
        "fields": {
            "name": "Militaire voertuigen"
        }
    },
    {
        "pk": 4,
        "model": "awards.category",
        "fields": {
            "name": "Figuren"
        }
    },
    {
        "pk": 2,
        "model": "awards.project",
        "fields": {
            "category": 1,
            "brouwer": "Ronald1903",
            "votes": 0,
            "name": "Su-24M Fencer D - Trumpeter 1/48",
            "url": "http://www.modelbrouwers.nl/phpBB3/viewtopic.php?f=1&t=27509",
            "rejected": false,
            "nominator": 1,
            "nomination_date": "2011-01-10"
        }
    },
    {
        "pk": 4,
        "model": "awards.project",
        "fields": {
            "category": 1,
            "brouwer": "Joe Silent",
            "votes": 0,
            "name": "test",
            "url": "http://www.modelbrouwers.nl/phpBB3/viewtopic.php?f=2&t=26704",
            "rejected": false,
            "nominator": 1,
            "nomination_date": "2010-01-10"
        }
    },
    {
        "pk": 1,
        "model": "awards.project",
        "fields": {
            "category": 1,
            "brouwer": "BBT",
            "votes": 3,
            "name": "1/144 Revell SU-27 Flanker",
            "url": "http://www.modelbrouwers.nl/phpBB3/viewtopic.php?f=1&t=28524&p=591859#p591859",
            "rejected": false,
            "nominator": 2,
            "nomination_date": "2011-01-10"
        }
    },
    {
        "pk": 3,
        "model": "awards.project",
        "fields": {
            "category": 2,
            "brouwer": "TheFlyingDutchman",
            "votes": 3,
            "name": "Boeing 737-600 'Mal\u00e9v Hungari",
            "url": "http://www.modelbrouwers.nl/phpBB3/viewtopic.php?f=46&t=24875&p=597139#p597139",
            "rejected": false,
            "nominator": 1,
            "nomination_date": "2010-08-11"
        }
    },
    {
        "pk": 5,
        "model": "awards.project",
        "fields": {
            "category": 3,
            "brouwer": "Joe Silent",
            "votes": 0,
            "name": "sdfqsdfqsdf",
            "url": "http://www.modelbrouwers.nl/phpBB3/viewtopic.php?f=5&t=12261",
            "rejected": true,
            "nominator": 1,
            "nomination_date": "2011-01-10"
        }
    },
    {
        "pk": 1,
        "model": "general.userprofile",
        "fields": {
            "province": "",
            "city": "",
            "refuse": "",
            "country": null,
            "number": "",
            "categories_voted": [
                3
            ],
            "street": "",
            "user": 1,
            "last_vote": "2011-01-02",
            "secret_santa": true,
            "postal": "",
            "forum_nickname": "BBT",
            "exclude_from_nomination": false,
            "preference": "test"
        }
    },
    {
        "pk": 14,
        "model": "general.userprofile",
        "fields": {
            "province": null,
            "city": null,
            "refuse": null,
            "country": null,
            "number": null,
            "categories_voted": [],
            "street": null,
            "user": 17,
            "last_vote": "2010-01-01",
            "secret_santa": false,
            "postal": null,
            "forum_nickname": "djon",
            "exclude_from_nomination": false,
            "preference": null
        }
    },
    {
        "pk": 3,
        "model": "general.userprofile",
        "fields": {
            "province": "",
            "city": "",
            "refuse": "",
            "country": null,
            "number": "",
            "categories_voted": [
                3
            ],
            "street": "",
            "user": 3,
            "last_vote": "2010-01-01",
            "secret_santa": false,
            "postal": "",
            "forum_nickname": "Joe Silent",
            "exclude_from_nomination": true,
            "preference": ""
        }
    },
    {
        "pk": 2,
        "model": "general.userprofile",
        "fields": {
            "province": "",
            "city": "",
            "refuse": "",
            "country": null,
            "number": "",
            "categories_voted": [],
            "street": "",
            "user": 2,
            "last_vote": "2010-01-01",
            "secret_santa": true,
            "postal": "",
            "forum_nickname": "Mytheny",
            "exclude_from_nomination": false,
            "preference": ""
        }
    },
    {
        "pk": 13,
        "model": "general.userprofile",
        "fields": {
            "province": null,
            "city": null,
            "refuse": null,
            "country": null,
            "number": null,
            "categories_voted": [],
            "street": null,
            "user": 13,
            "last_vote": "2010-01-01",
            "secret_santa": false,
            "postal": null,
            "forum_nickname": "Ren\u00e9 Duret",
            "exclude_from_nomination": false,
            "preference": null
        }
    },
    {
        "pk": 4,
        "model": "general.userprofile",
        "fields": {
            "province": null,
            "city": null,
            "refuse": null,
            "country": null,
            "number": null,
            "categories_voted": [],
            "street": null,
            "user": 4,
            "last_vote": "2010-01-01",
            "secret_santa": false,
            "postal": null,
            "forum_nickname": "test",
            "exclude_from_nomination": false,
            "preference": null
        }
    },
    {
        "pk": 1,
        "model": "general.questionanswer",
        "fields": {
            "answer": "zeven"
        }
    },
    {
        "pk": 2,
        "model": "general.questionanswer",
        "fields": {
            "answer": "7"
        }
    },
    {
        "pk": 3,
        "model": "general.questionanswer",
        "fields": {
            "answer": "ZEVEN"
        }
    },
    {
        "pk": 1,
        "model": "general.registrationquestion",
        "fields": {
            "question": "Hoeveel bubbels staan er boven de R in het modelbrouwers logo?",
            "answers": [
                1,
                2,
                3
            ],
            "in_use": true
        }
    },
    {
        "pk": 11,
        "model": "general.passwordreset",
        "fields": {
            "h": "be8b10a991c9fab682e07e8b",
            "expire": "2012-09-21T21:22:54.350",
            "user": 1
        }
    },
    {
        "pk": 13,
        "model": "general.passwordreset",
        "fields": {
            "h": "4457cebe79aa76f3e701dbd5",
            "expire": "2012-09-21T21:29:23.247",
            "user": 1
        }
    },
    {
        "pk": 14,
        "model": "general.passwordreset",
        "fields": {
            "h": "1da82bf2e59a2a1b3c762285",
            "expire": "2012-09-21T21:29:23.383",
            "user": 1
        }
    },
    {
        "pk": 15,
        "model": "general.passwordreset",
        "fields": {
            "h": "1b76d740626ed264a6310005",
            "expire": "2012-09-21T21:29:23.519",
            "user": 1
        }
    },
    {
        "pk": 1,
        "model": "general.redirect",
        "fields": {
            "path_from": "shop",
            "path_to": "/albums/"
        }
    },
    {
        "pk": 1,
        "model": "secret_santa.participant",
        "fields": {
            "verified": false,
            "user": 1,
            "year": "2011"
        }
    },
    {
        "pk": 2,
        "model": "secret_santa.participant",
        "fields": {
            "verified": true,
            "user": 2,
            "year": "2011"
        }
    },
    {
        "pk": 1,
        "model": "online_users.trackeduser",
        "fields": {
            "tracking_since": "2012-09-18T19:30:17.270",
            "notificate": true,
            "user": 1,
            "last_seen": "2012-09-18T22:51:12.754"
        }
    },
    {
        "pk": 1,
        "model": "south.migrationhistory",
        "fields": {
            "applied": "2012-09-02T01:13:06.194",
            "app_name": "albums",
            "migration": "0001_initial"
        }
    },
    {
        "pk": 2,
        "model": "south.migrationhistory",
        "fields": {
            "applied": "2012-09-02T01:13:33.560",
            "app_name": "albums",
            "migration": "0002_auto__add_field_preferences_sidebar_bg_color"
        }
    },
    {
        "pk": 3,
        "model": "south.migrationhistory",
        "fields": {
            "applied": "2012-09-02T19:53:35.894",
            "app_name": "albums",
            "migration": "0003_auto__add_field_preferences_sidebar_transparent__add_field_preferences"
        }
    },
    {
        "pk": 4,
        "model": "south.migrationhistory",
        "fields": {
            "applied": "2012-09-02T20:15:42.231",
            "app_name": "albums",
            "migration": "0004_auto__add_field_preferences_width"
        }
    },
    {
        "pk": 5,
        "model": "south.migrationhistory",
        "fields": {
            "applied": "2012-09-04T02:52:29.472",
            "app_name": "general",
            "migration": "0001_initial"
        }
    },
    {
        "pk": 6,
        "model": "south.migrationhistory",
        "fields": {
            "applied": "2012-09-08T20:47:49.850",
            "app_name": "general",
            "migration": "0002_auto__add_softwareversion__chg_field_userprofile_forum_nickname"
        }
    },
    {
        "pk": 7,
        "model": "south.migrationhistory",
        "fields": {
            "applied": "2012-09-08T20:54:26.426",
            "app_name": "general",
            "migration": "0003_auto__add_field_softwareversion_changelog"
        }
    },
    {
        "pk": 8,
        "model": "south.migrationhistory",
        "fields": {
            "applied": "2012-09-09T18:18:38.402",
            "app_name": "albums",
            "migration": "0005_auto__add_field_preferences_collapse_sidebar"
        }
    },
    {
        "pk": 9,
        "model": "south.migrationhistory",
        "fields": {
            "applied": "2012-09-18T22:42:31.576",
            "app_name": "online_users",
            "migration": "0001_initial"
        }
    },
    {
        "pk": 10,
        "model": "south.migrationhistory",
        "fields": {
            "applied": "2012-09-19T14:37:05.916",
            "app_name": "general",
            "migration": "0004_auto__add_redirect"
        }
    },
    {
        "pk": 11,
        "model": "south.migrationhistory",
        "fields": {
            "applied": "2012-09-19T17:28:18.343",
            "app_name": "general",
            "migration": "0005_auto__add_passwordreset"
        }
    },
    {
        "pk": 12,
        "model": "south.migrationhistory",
        "fields": {
            "applied": "2012-09-20T21:20:34.375",
            "app_name": "general",
            "migration": "0006_auto__add_unique_passwordreset_h"
        }
    },
    {
        "pk": 13,
        "model": "south.migrationhistory",
        "fields": {
            "applied": "2012-09-20T21:24:37.055",
            "app_name": "general",
            "migration": "0007_auto__del_unique_passwordreset_h__add_unique_passwordreset_h_user"
        }
    },
    {
        "pk": 14,
        "model": "south.migrationhistory",
        "fields": {
            "applied": "2012-09-21T15:42:58.111",
            "app_name": "migration",
            "migration": "0001_initial"
        }
    },
    {
        "pk": 15,
        "model": "south.migrationhistory",
        "fields": {
            "applied": "2012-09-21T15:43:19.452",
            "app_name": "migration",
            "migration": "0002_auto__add_field_albummigration_migrated"
        }
    },
    {
        "pk": 16,
        "model": "south.migrationhistory",
        "fields": {
            "applied": "2012-09-21T20:54:09.827",
            "app_name": "migration",
            "migration": "0003_auto__add_field_albummigration_new_album"
        }
    },
    {
        "pk": 17,
        "model": "south.migrationhistory",
        "fields": {
            "applied": "2012-09-21T21:09:34.040",
            "app_name": "migration",
            "migration": "0004_auto__add_photomigration"
        }
    },
    {
        "pk": 18,
        "model": "south.migrationhistory",
        "fields": {
            "applied": "2012-09-21T21:14:56.178",
            "app_name": "migration",
            "migration": "0005_auto__add_field_photomigration_migrated"
        }
    },
    {
        "pk": 19,
        "model": "south.migrationhistory",
        "fields": {
            "applied": "2012-09-22T13:50:10.720",
            "app_name": "albums",
            "migration": "0006_auto__chg_field_photo_image"
        }
    },
    {
        "pk": 20,
        "model": "south.migrationhistory",
        "fields": {
            "applied": "2012-09-23T14:42:42.019",
            "app_name": "albums",
            "migration": "0007_auto__add_field_category_url__add_field_category_on_frontpage__add_fie"
        }
    },
    {
        "pk": 21,
        "model": "south.migrationhistory",
        "fields": {
            "applied": "2012-09-26T14:59:13.812",
            "app_name": "albums",
            "migration": "0008_auto__add_albumdownload"
        }
    },
    {
        "pk": 22,
        "model": "south.migrationhistory",
        "fields": {
            "applied": "2012-09-26T15:37:07.304",
            "app_name": "albums",
            "migration": "0009_auto__add_field_albumdownload_failed"
        }
    },
    {
        "pk": 23,
        "model": "south.migrationhistory",
        "fields": {
            "applied": "2012-10-01T21:11:44.026",
            "app_name": "albums",
            "migration": "0010_auto__add_albumgroup"
        }
    },
    {
        "pk": 24,
        "model": "south.migrationhistory",
        "fields": {
            "applied": "2012-10-01T21:57:46.702",
            "app_name": "albums",
            "migration": "0011_auto__add_unique_albumgroup_album"
        }
    }
]