[
    {
        "pk": 1,
        "model": "auth.user",
        "fields": {
            "username": "BBT",
            "first_name": "Sergei",
            "last_name": "Maertens",
            "is_active": true,
            "is_superuser": true,
            "is_staff": true,
            "last_login": "2012-08-30T20:59:58.317",
            "groups": [],
            "user_permissions": [],
            "password": "pbkdf2_sha256$10000$z3awiDWfqZnd$G2e7/1g/t4ahl+laSnUFl7Dux7b6OVyhhv4xFQA8+4k=",
            "email": "sergeimaertens@gmail.com",
            "date_joined": "2010-11-28T01:58:00"
        }
    },
    {
        "pk": 2,
        "model": "auth.user",
        "fields": {
            "username": "Mytheny",
            "first_name": "",
            "last_name": "",
            "is_active": true,
            "is_superuser": false,
            "is_staff": false,
            "last_login": "2010-11-28T19:36:00",
            "groups": [],
            "user_permissions": [],
            "password": "sha1$2b20a$60329f2b904dde6906ba54d57811242b0c65e917",
            "email": "",
            "date_joined": "2010-11-28T19:36:00"
        }
    },
    {
        "pk": 3,
        "model": "auth.user",
        "fields": {
            "username": "joe_silent",
            "first_name": "",
            "last_name": "",
            "is_active": true,
            "is_superuser": false,
            "is_staff": false,
            "last_login": "2011-01-10T14:04:16",
            "groups": [],
            "user_permissions": [],
            "password": "sha1$5f85b$d03537e8147c7f552ba97e2d6fce1f9f8a7ca7e4",
            "email": "",
            "date_joined": "2011-01-10T14:03:10"
        }
    },
    {
        "pk": 4,
        "model": "auth.user",
        "fields": {
            "username": "test",
            "first_name": "",
            "last_name": "",
            "is_active": true,
            "is_superuser": false,
            "is_staff": false,
            "last_login": "2012-07-30T22:54:16.311",
            "groups": [],
            "user_permissions": [],
            "password": "pbkdf2_sha256$10000$2XlRm0F30Y7I$aPYviDxjpqE6TtC/Vvf8i50Ju+5d96jlCAIrIhnDc1g=",
            "email": "test@test.com",
            "date_joined": "2012-07-30T22:54:15.023"
        }
    },
    {
        "pk": 5,
        "model": "auth.user",
        "fields": {
            "username": "Ronald_Kok",
            "first_name": "",
            "last_name": "",
            "is_active": true,
            "is_superuser": false,
            "is_staff": false,
            "last_login": "2012-07-30T23:04:06.575",
            "groups": [],
            "user_permissions": [],
            "password": "pbkdf2_sha256$10000$JiL2MS1Aq5Fb$yOyG34prtawJ6TYDiM2Hu7jPvqsozV/4upXrK172qao=",
            "email": "ron@kok.be",
            "date_joined": "2012-07-30T22:54:45"
        }
    },
    {
        "pk": 6,
        "model": "auth.user",
        "fields": {
            "username": "Se\u00f1or_M",
            "first_name": "",
            "last_name": "",
            "is_active": true,
            "is_superuser": false,
            "is_staff": false,
            "last_login": "2012-07-30T23:41:32.018",
            "groups": [],
            "user_permissions": [],
            "password": "pbkdf2_sha256$10000$AlNhdrpN2WsO$upNUxnqtIEKZT1/I5JVRVq7LibcFMx4ohVBak3YvwJA=",
            "email": "sergeimaertens@skynet.be",
            "date_joined": "2012-07-30T23:41:30.755"
        }
    },
    {
        "pk": 8,
        "model": "auth.user",
        "fields": {
            "username": "martijn-boten",
            "first_name": "",
            "last_name": "",
            "is_active": true,
            "is_superuser": false,
            "is_staff": false,
            "last_login": "2012-08-27T19:08:20.678",
            "groups": [],
            "user_permissions": [],
            "password": "pbkdf2_sha256$10000$uskNW6EqUFT5$MDV3ibDvofKVkX733kj3x46ViR27iHRHsNhs6GEYJqs=",
            "email": "smartie_donker@hotmail.com",
            "date_joined": "2012-08-27T18:38:47.979"
        }
    },
    {
        "pk": 9,
        "model": "auth.user",
        "fields": {
            "username": "djon",
            "first_name": "",
            "last_name": "",
            "is_active": true,
            "is_superuser": false,
            "is_staff": false,
            "last_login": "2012-08-27T23:56:35.949",
            "groups": [],
            "user_permissions": [],
            "password": "pbkdf2_sha256$10000$RTiWLEkSBimF$bdyLqHYmBvdKg8Dw5DSIAosCpLzZ52+Xnp3fY16JTew=",
            "email": "djon_stam@hotmail.com",
            "date_joined": "2012-08-27T23:56:18.649"
        }
    },
    {
        "pk": 10,
        "model": "auth.user",
        "fields": {
            "username": "j_provo",
            "first_name": "",
            "last_name": "",
            "is_active": false,
            "is_superuser": false,
            "is_staff": false,
            "last_login": "2012-08-28T00:07:28.250",
            "groups": [],
            "user_permissions": [],
            "password": "pbkdf2_sha256$10000$S3p3iDgA8jj0$LGsiEbeYBnq/KQzRfRL0+xEisiF+yRI01iTX0F2om9o=",
            "email": "jprovo@mac.com",
            "date_joined": "2012-08-28T00:07:28.250"
        }
    },
    {
        "pk": 11,
        "model": "auth.user",
        "fields": {
            "username": "jmdkdb",
            "first_name": "",
            "last_name": "",
            "is_active": false,
            "is_superuser": false,
            "is_staff": false,
            "last_login": "2012-08-28T00:11:52.788",
            "groups": [],
            "user_permissions": [],
            "password": "pbkdf2_sha256$10000$l2Xx1XVmD6nl$uLCcRh1uA79SjXJMBGbfwWVH6ObGtfG5hXfpSAZu1e8=",
            "email": "jeffaboy91@hotmail.com",
            "date_joined": "2012-08-28T00:11:52.788"
        }
    },
    {
        "pk": 1,
        "model": "sites.site",
        "fields": {
            "domain": "example.com",
            "name": "example.com"
        }
    },
    {
        "pk": 1,
        "model": "awards.category",
        "fields": {
            "name": "Militaire luchtvaart"
        }
    },
    {
        "pk": 2,
        "model": "awards.category",
        "fields": {
            "name": "Civiele luchtvaart"
        }
    },
    {
        "pk": 3,
        "model": "awards.category",
        "fields": {
            "name": "Militaire voertuigen"
        }
    },
    {
        "pk": 4,
        "model": "awards.category",
        "fields": {
            "name": "Figuren"
        }
    },
    {
        "pk": 2,
        "model": "awards.project",
        "fields": {
            "category": 1,
            "brouwer": "Ronald1903",
            "votes": 0,
            "name": "Su-24M Fencer D - Trumpeter 1/48",
            "url": "http://www.modelbrouwers.nl/phpBB3/viewtopic.php?f=1&t=27509",
            "rejected": false,
            "nominator": 1,
            "nomination_date": "2011-01-10"
        }
    },
    {
        "pk": 4,
        "model": "awards.project",
        "fields": {
            "category": 1,
            "brouwer": "Joe Silent",
            "votes": 0,
            "name": "test",
            "url": "http://www.modelbrouwers.nl/phpBB3/viewtopic.php?f=2&t=26704",
            "rejected": false,
            "nominator": 1,
            "nomination_date": "2010-01-10"
        }
    },
    {
        "pk": 1,
        "model": "awards.project",
        "fields": {
            "category": 1,
            "brouwer": "BBT",
            "votes": 3,
            "name": "1/144 Revell SU-27 Flanker",
            "url": "http://www.modelbrouwers.nl/phpBB3/viewtopic.php?f=1&t=28524&p=591859#p591859",
            "rejected": false,
            "nominator": 2,
            "nomination_date": "2011-01-10"
        }
    },
    {
        "pk": 3,
        "model": "awards.project",
        "fields": {
            "category": 2,
            "brouwer": "TheFlyingDutchman",
            "votes": 3,
            "name": "Boeing 737-600 'Mal\u00e9v Hungari",
            "url": "http://www.modelbrouwers.nl/phpBB3/viewtopic.php?f=46&t=24875&p=597139#p597139",
            "rejected": false,
            "nominator": 1,
            "nomination_date": "2010-08-11"
        }
    },
    {
        "pk": 5,
        "model": "awards.project",
        "fields": {
            "category": 3,
            "brouwer": "Joe Silent",
            "votes": 0,
            "name": "sdfqsdfqsdf",
            "url": "http://www.modelbrouwers.nl/phpBB3/viewtopic.php?f=5&t=12261",
            "rejected": true,
            "nominator": 1,
            "nomination_date": "2011-01-10"
        }
    },
    {
        "pk": 1,
        "model": "general.userprofile",
        "fields": {
            "province": "",
            "city": "",
            "refuse": "",
            "country": null,
            "number": "",
            "categories_voted": [
                3
            ],
            "street": "",
            "user": 1,
            "last_vote": "2011-01-02",
            "secret_santa": true,
            "postal": "",
            "forum_nickname": "BBT",
            "exclude_from_nomination": false,
            "preference": "test"
        }
    },
    {
        "pk": 3,
        "model": "general.userprofile",
        "fields": {
            "province": "",
            "city": "",
            "refuse": "",
            "country": null,
            "number": "",
            "categories_voted": [
                3
            ],
            "street": "",
            "user": 3,
            "last_vote": "2010-01-01",
            "secret_santa": false,
            "postal": "",
            "forum_nickname": "Joe Silent",
            "exclude_from_nomination": true,
            "preference": ""
        }
    },
    {
        "pk": 2,
        "model": "general.userprofile",
        "fields": {
            "province": "",
            "city": "",
            "refuse": "",
            "country": null,
            "number": "",
            "categories_voted": [],
            "street": "",
            "user": 2,
            "last_vote": "2010-01-01",
            "secret_santa": true,
            "postal": "",
            "forum_nickname": "Mytheny",
            "exclude_from_nomination": false,
            "preference": ""
        }
    },
    {
        "pk": 5,
        "model": "general.userprofile",
        "fields": {
            "province": null,
            "city": null,
            "refuse": null,
            "country": null,
            "number": null,
            "categories_voted": [],
            "street": null,
            "user": 5,
            "last_vote": "2010-01-01",
            "secret_santa": false,
            "postal": null,
            "forum_nickname": "Ronald Kok",
            "exclude_from_nomination": false,
            "preference": null
        }
    },
    {
        "pk": 6,
        "model": "general.userprofile",
        "fields": {
            "province": null,
            "city": null,
            "refuse": null,
            "country": null,
            "number": null,
            "categories_voted": [],
            "street": null,
            "user": 6,
            "last_vote": "2010-01-01",
            "secret_santa": false,
            "postal": null,
            "forum_nickname": "Se\u00f1or M",
            "exclude_from_nomination": false,
            "preference": null
        }
    },
    {
        "pk": 9,
        "model": "general.userprofile",
        "fields": {
            "province": null,
            "city": null,
            "refuse": null,
            "country": null,
            "number": null,
            "categories_voted": [],
            "street": null,
            "user": 9,
            "last_vote": "2010-01-01",
            "secret_santa": false,
            "postal": null,
            "forum_nickname": "djon",
            "exclude_from_nomination": false,
            "preference": null
        }
    },
    {
        "pk": 10,
        "model": "general.userprofile",
        "fields": {
            "province": null,
            "city": null,
            "refuse": null,
            "country": null,
            "number": null,
            "categories_voted": [],
            "street": null,
            "user": 10,
            "last_vote": "2010-01-01",
            "secret_santa": false,
            "postal": null,
            "forum_nickname": "j provo",
            "exclude_from_nomination": false,
            "preference": null
        }
    },
    {
        "pk": 11,
        "model": "general.userprofile",
        "fields": {
            "province": null,
            "city": null,
            "refuse": null,
            "country": null,
            "number": null,
            "categories_voted": [],
            "street": null,
            "user": 11,
            "last_vote": "2010-01-01",
            "secret_santa": false,
            "postal": null,
            "forum_nickname": "jmdkdb",
            "exclude_from_nomination": false,
            "preference": null
        }
    },
    {
        "pk": 8,
        "model": "general.userprofile",
        "fields": {
            "province": null,
            "city": null,
            "refuse": null,
            "country": null,
            "number": null,
            "categories_voted": [],
            "street": null,
            "user": 8,
            "last_vote": "2010-01-01",
            "secret_santa": false,
            "postal": null,
            "forum_nickname": "martijn-boten",
            "exclude_from_nomination": false,
            "preference": null
        }
    },
    {
        "pk": 4,
        "model": "general.userprofile",
        "fields": {
            "province": null,
            "city": null,
            "refuse": null,
            "country": null,
            "number": null,
            "categories_voted": [],
            "street": null,
            "user": 4,
            "last_vote": "2010-01-01",
            "secret_santa": false,
            "postal": null,
            "forum_nickname": "test",
            "exclude_from_nomination": false,
            "preference": null
        }
    },
    {
        "pk": 1,
        "model": "secret_santa.participant",
        "fields": {
            "verified": false,
            "user": 1,
            "year": "2011"
        }
    },
    {
        "pk": 2,
        "model": "secret_santa.participant",
        "fields": {
            "verified": true,
            "user": 2,
            "year": "2011"
        }
    },
    {
        "pk": 1,
        "model": "albums.category",
        "fields": {
            "name": "BrouwersAlbums",
            "order": 1
        }
    },
    {
        "pk": 2,
        "model": "albums.category",
        "fields": {
            "name": "Brouwersdagen",
            "order": 2
        }
    },
    {
        "pk": 1,
        "model": "albums.album",
        "fields": {
            "category": 1,
            "votes": 0,
            "trash": false,
            "description": "Album met bouw- en eindfoto's van de 1/144 Revell Flanker",
            "clean_title": "Su-27 Flanker - Ukraine",
            "last_upload": "2012-08-12T04:40:36.499",
            "views": 69,
            "title": "Su-27 Flanker - Ukraine",
            "cover": 15,
            "modified": "2012-08-30T23:16:15.142",
            "created": "2012-02-11T15:35:43",
            "public": true,
            "user": 1,
            "writable_to": "u",
            "build_report": "http://www.modelbrouwers.nl/phpBB3/viewtopic.php?f=1&t=28524",
            "order": 1
        }
    },
    {
        "pk": 5,
        "model": "albums.album",
        "fields": {
            "category": 1,
            "votes": 0,
            "trash": false,
            "description": "",
            "clean_title": "test",
            "last_upload": "2012-08-12T04:40:26",
            "views": 19,
            "title": "test",
            "cover": 44,
            "modified": "2012-08-30T22:23:57.518",
            "created": "2012-02-15T22:13:09",
            "public": true,
            "user": 1,
            "writable_to": "u",
            "build_report": "",
            "order": 2
        }
    },
    {
        "pk": 8,
        "model": "albums.album",
        "fields": {
            "category": 1,
            "votes": 0,
            "trash": false,
            "description": "",
            "clean_title": "Album 4",
            "last_upload": "2012-08-18T17:17:15.573",
            "views": 18,
            "title": "Album 4",
            "cover": 45,
            "modified": "2012-08-30T22:45:44.711",
            "created": "2012-08-18T17:16:58.204",
            "public": true,
            "user": 1,
            "writable_to": "u",
            "build_report": "",
            "order": 3
        }
    },
    {
        "pk": 9,
        "model": "albums.album",
        "fields": {
            "category": 1,
            "votes": 0,
            "trash": false,
            "description": "Sorterentest",
            "clean_title": "Album 5",
            "last_upload": "2012-08-18T17:18:35.726",
            "views": 2,
            "title": "Album 5",
            "cover": null,
            "modified": "2012-08-30T22:53:30.509",
            "created": "2012-08-18T17:18:25.877",
            "public": true,
            "user": 1,
            "writable_to": "u",
            "build_report": "",
            "order": 4
        }
    },
    {
        "pk": 7,
        "model": "albums.album",
        "fields": {
            "category": 1,
            "votes": 0,
            "trash": false,
            "description": "",
            "clean_title": "Test album",
            "last_upload": "2012-08-16T21:38:18",
            "views": 3,
            "title": "Test album",
            "cover": null,
            "modified": "2012-08-30T21:03:04.297",
            "created": "2012-08-16T21:37:44.124",
            "public": true,
            "user": 3,
            "writable_to": "u",
            "build_report": "",
            "order": 4
        }
    },
    {
        "pk": 3,
        "model": "albums.album",
        "fields": {
            "category": 1,
            "votes": 0,
            "trash": false,
            "description": "1/144 Tornado",
            "clean_title": "Tornado IDS 'White Tiger' lange titel om te testen",
            "last_upload": "2012-08-12T04:40:36.499",
            "views": 0,
            "title": "Tornado IDS 'White Tiger' lange titel om te testen",
            "cover": null,
            "modified": "2012-08-30T21:13:11.061",
            "created": "2012-02-11T15:38:14",
            "public": false,
            "user": 2,
            "writable_to": "u",
            "build_report": "",
            "order": 4
        }
    },
    {
        "pk": 4,
        "model": "albums.album",
        "fields": {
            "category": 1,
            "votes": 0,
            "trash": true,
            "description": "",
            "clean_title": "EJ-10 Honda",
            "last_upload": "2012-08-12T04:40:36",
            "views": 0,
            "title": "trash_30082012_21.10.1346353859_EJ-10 Honda",
            "cover": 28,
            "modified": "2012-08-30T21:10:59.893",
            "created": "2012-02-15T20:51:57",
            "public": false,
            "user": 1,
            "writable_to": "u",
            "build_report": "http://modelbrouwers.nl/phpBB3/",
            "order": 4
        }
    },
    {
        "pk": 10,
        "model": "albums.album",
        "fields": {
            "category": 1,
            "votes": 0,
            "trash": false,
            "description": "",
            "clean_title": "zesde album",
            "last_upload": "1970-01-01T00:00:00",
            "views": 0,
            "title": "zesde album",
            "cover": null,
            "modified": "2012-08-30T21:13:13.980",
            "created": "2012-08-18T18:12:26.541",
            "public": true,
            "user": 1,
            "writable_to": "u",
            "build_report": "",
            "order": 4
        }
    },
    {
        "pk": 14,
        "model": "albums.album",
        "fields": {
            "category": 1,
            "votes": 0,
            "trash": false,
            "description": "",
            "clean_title": "zevende album",
            "last_upload": "1970-01-01T00:00:00",
            "views": 0,
            "title": "zevende album",
            "cover": null,
            "modified": "2012-08-30T21:53:46.441",
            "created": "2012-08-30T21:53:46.441",
            "public": true,
            "user": 1,
            "writable_to": "u",
            "build_report": "",
            "order": 4
        }
    },
    {
        "pk": 11,
        "model": "albums.album",
        "fields": {
            "category": 1,
            "votes": 0,
            "trash": false,
            "description": "",
            "clean_title": "zevende album_1",
            "last_upload": "1970-01-01T00:00:00",
            "views": 0,
            "title": "zevende album_1",
            "cover": null,
            "modified": "2012-08-30T21:54:55.340",
            "created": "2012-08-18T18:13:45.985",
            "public": true,
            "user": 1,
            "writable_to": "u",
            "build_report": "",
            "order": 4
        }
    },
    {
        "pk": 12,
        "model": "albums.album",
        "fields": {
            "category": 1,
            "votes": 0,
            "trash": false,
            "description": "",
            "clean_title": "zevende album_2",
            "last_upload": "1970-01-01T00:00:00",
            "views": 0,
            "title": "zevende album_2",
            "cover": null,
            "modified": "2012-08-30T21:54:56.536",
            "created": "2012-08-30T21:39:22.886",
            "public": true,
            "user": 1,
            "writable_to": "u",
            "build_report": "",
            "order": 4
        }
    },
    {
        "pk": 13,
        "model": "albums.album",
        "fields": {
            "category": 1,
            "votes": 0,
            "trash": false,
            "description": "",
            "clean_title": "zevende album_3",
            "last_upload": "1970-01-01T00:00:00",
            "views": 0,
            "title": "zevende album_3",
            "cover": null,
            "modified": "2012-08-30T21:56:09.223",
            "created": "2012-08-30T21:53:24.363",
            "public": true,
            "user": 1,
            "writable_to": "u",
            "build_report": "",
            "order": 4
        }
    },
    {
        "pk": 2,
        "model": "albums.album",
        "fields": {
            "category": 2,
            "votes": 0,
            "trash": false,
            "description": "Foto's gemaakt op de Brouwersdag van 2011",
            "clean_title": "Brouwersdag 2011",
            "last_upload": "2012-08-01T15:40:37",
            "views": 3,
            "title": "Brouwersdag 2011",
            "cover": null,
            "modified": "2012-08-30T21:13:15.049",
            "created": "2012-02-11T15:36:22",
            "public": true,
            "user": 1,
            "writable_to": "o",
            "build_report": "",
            "order": 5
        }
    },
    {
        "pk": 6,
        "model": "albums.album",
        "fields": {
            "category": 1,
            "votes": 0,
            "trash": true,
            "description": "",
            "clean_title": "album 21-07-2012",
            "last_upload": "2012-08-12T04:40:36.499",
            "views": 2,
            "title": "trash_29072012_15.36.1343569008_",
            "cover": null,
            "modified": "2012-08-30T21:13:15.586",
            "created": "2012-07-21T22:40:04.675",
            "public": true,
            "user": 1,
            "writable_to": "u",
            "build_report": "",
            "order": 5
        }
    },
    {
        "pk": 2,
        "model": "albums.photo",
        "fields": {
            "album": 1,
            "uploaded": "2012-07-21T18:14:40.760",
            "description": "Wat commentaar erbij om te testen",
            "views": 6,
            "image": "albums/1/1/BILD0058.jpg",
            "modified": "2012-08-30T23:16:21.363",
            "height": 600,
            "width": 800,
            "user": 1,
            "order": 1
        }
    },
    {
        "pk": 3,
        "model": "albums.photo",
        "fields": {
            "album": 1,
            "uploaded": "2012-07-21T18:14:41.432",
            "description": "Foto",
            "views": 1,
            "image": "albums/1/1/BILD0065.jpg",
            "modified": "2012-08-12T15:50:05.994",
            "height": 600,
            "width": 800,
            "user": 1,
            "order": 2
        }
    },
    {
        "pk": 4,
        "model": "albums.photo",
        "fields": {
            "album": 1,
            "uploaded": "2012-07-21T18:14:42.104",
            "description": "",
            "views": 3,
            "image": "albums/1/1/BILD0070.jpg",
            "modified": "2012-08-12T21:36:27.515",
            "height": 600,
            "width": 800,
            "user": 1,
            "order": 3
        }
    },
    {
        "pk": 5,
        "model": "albums.photo",
        "fields": {
            "album": 1,
            "uploaded": "2012-07-21T18:14:42.782",
            "description": "",
            "views": 1,
            "image": "albums/1/1/BILD0074.jpg",
            "modified": "2012-08-12T15:50:20.959",
            "height": 600,
            "width": 800,
            "user": 1,
            "order": 4
        }
    },
    {
        "pk": 6,
        "model": "albums.photo",
        "fields": {
            "album": 1,
            "uploaded": "2012-07-21T18:14:43.436",
            "description": "",
            "views": 1,
            "image": "albums/1/1/2012-04-02 00.09.16.jpg",
            "modified": "2012-08-12T15:50:33.057",
            "height": 600,
            "width": 800,
            "user": 1,
            "order": 5
        }
    },
    {
        "pk": 7,
        "model": "albums.photo",
        "fields": {
            "album": 1,
            "uploaded": "2012-07-21T18:14:44.120",
            "description": "",
            "views": 0,
            "image": "albums/1/1/2012-04-02 00.09.32.jpg",
            "modified": "2012-07-21T18:14:44.120",
            "height": 601,
            "width": 800,
            "user": 1,
            "order": 6
        }
    },
    {
        "pk": 8,
        "model": "albums.photo",
        "fields": {
            "album": 1,
            "uploaded": "2012-07-21T18:14:44.786",
            "description": "Herpa derpa durka durr",
            "views": 0,
            "image": "albums/1/1/2012-04-02 00.09.56.jpg",
            "modified": "2012-07-27T20:33:02.284",
            "height": 600,
            "width": 800,
            "user": 1,
            "order": 7
        }
    },
    {
        "pk": 9,
        "model": "albums.photo",
        "fields": {
            "album": 1,
            "uploaded": "2012-07-21T18:14:45.457",
            "description": "Een lange comment om verder te testen, geen idee of ik al voorbij de 30 karakters zit. Nu ben ik wel vrij zeker",
            "views": 1,
            "image": "albums/1/1/2012-04-02 00.10.44.jpg",
            "modified": "2012-08-12T22:09:19.454",
            "height": 600,
            "width": 800,
            "user": 1,
            "order": 8
        }
    },
    {
        "pk": 10,
        "model": "albums.photo",
        "fields": {
            "album": 1,
            "uploaded": "2012-07-21T18:14:46.154",
            "description": "Oi!",
            "views": 0,
            "image": "albums/1/1/2012-04-02 00.11.02.jpg",
            "modified": "2012-07-27T20:33:26.369",
            "height": 600,
            "width": 800,
            "user": 1,
            "order": 9
        }
    },
    {
        "pk": 11,
        "model": "albums.photo",
        "fields": {
            "album": 1,
            "uploaded": "2012-07-21T18:14:46.920",
            "description": "",
            "views": 0,
            "image": "albums/1/1/2012-04-02 00.11.19.jpg",
            "modified": "2012-07-21T18:14:46.920",
            "height": 600,
            "width": 800,
            "user": 1,
            "order": 10
        }
    },
    {
        "pk": 12,
        "model": "albums.photo",
        "fields": {
            "album": 1,
            "uploaded": "2012-07-21T18:14:47.578",
            "description": "",
            "views": 0,
            "image": "albums/1/1/2012-04-02 01.44.48.jpg",
            "modified": "2012-07-21T18:14:47.579",
            "height": 600,
            "width": 800,
            "user": 1,
            "order": 11
        }
    },
    {
        "pk": 13,
        "model": "albums.photo",
        "fields": {
            "album": 1,
            "uploaded": "2012-07-21T18:14:48.357",
            "description": "",
            "views": 0,
            "image": "albums/1/1/2012-04-02 01.45.05.jpg",
            "modified": "2012-07-21T18:14:48.357",
            "height": 600,
            "width": 800,
            "user": 1,
            "order": 12
        }
    },
    {
        "pk": 14,
        "model": "albums.photo",
        "fields": {
            "album": 1,
            "uploaded": "2012-07-21T18:14:49.024",
            "description": "",
            "views": 0,
            "image": "albums/1/1/2012-04-02 01.45.19.jpg",
            "modified": "2012-07-21T18:14:49.024",
            "height": 600,
            "width": 800,
            "user": 1,
            "order": 13
        }
    },
    {
        "pk": 15,
        "model": "albums.photo",
        "fields": {
            "album": 1,
            "uploaded": "2012-07-21T18:14:49.695",
            "description": "",
            "views": 0,
            "image": "albums/1/1/2012-04-02 01.45.30.jpg",
            "modified": "2012-07-21T18:14:49.695",
            "height": 600,
            "width": 800,
            "user": 1,
            "order": 14
        }
    },
    {
        "pk": 42,
        "model": "albums.photo",
        "fields": {
            "album": 1,
            "uploaded": "2012-08-11T01:19:09.187",
            "description": "",
            "views": 0,
            "image": "albums/1/1/chameleon.jpg",
            "modified": "2012-08-11T01:19:09.187",
            "height": 576,
            "width": 1024,
            "user": 1,
            "order": 15
        }
    },
    {
        "pk": 43,
        "model": "albums.photo",
        "fields": {
            "album": 1,
            "uploaded": "2012-08-11T01:19:11.224",
            "description": "",
            "views": 1,
            "image": "albums/1/1/fox.jpg",
            "modified": "2012-08-11T01:19:53.341",
            "height": 683,
            "width": 1024,
            "user": 1,
            "order": 16
        }
    },
    {
        "pk": 16,
        "model": "albums.photo",
        "fields": {
            "album": 5,
            "uploaded": "2012-07-21T22:57:42.823",
            "description": "",
            "views": 72,
            "image": "albums/1/5/2012-04-06 19.26.48.jpg",
            "modified": "2012-08-12T00:16:47.419",
            "height": 600,
            "width": 800,
            "user": 1,
            "order": 1
        }
    },
    {
        "pk": 17,
        "model": "albums.photo",
        "fields": {
            "album": 5,
            "uploaded": "2012-07-21T22:57:43.511",
            "description": "",
            "views": 18,
            "image": "albums/1/5/2012-04-06 20.07.43.jpg",
            "modified": "2012-08-12T04:59:36.826",
            "height": 600,
            "width": 800,
            "user": 1,
            "order": 2
        }
    },
    {
        "pk": 18,
        "model": "albums.photo",
        "fields": {
            "album": 5,
            "uploaded": "2012-07-21T22:57:44.274",
            "description": "",
            "views": 3,
            "image": "albums/1/5/2012-04-06 19.58.27.jpg",
            "modified": "2012-08-12T04:59:41.193",
            "height": 600,
            "width": 800,
            "user": 1,
            "order": 3
        }
    },
    {
        "pk": 19,
        "model": "albums.photo",
        "fields": {
            "album": 5,
            "uploaded": "2012-07-21T22:57:45.267",
            "description": "",
            "views": 0,
            "image": "albums/1/5/2012-04-06 18.27.26_1.jpg",
            "modified": "2012-07-21T22:57:45.267",
            "height": 768,
            "width": 1024,
            "user": 1,
            "order": 4
        }
    },
    {
        "pk": 20,
        "model": "albums.photo",
        "fields": {
            "album": 5,
            "uploaded": "2012-07-21T23:08:29.630",
            "description": "",
            "views": 0,
            "image": "albums/1/5/2012-07-21-130547_1366x768_scrot.png",
            "modified": "2012-07-21T23:08:29.630",
            "height": 576,
            "width": 1024,
            "user": 1,
            "order": 5
        }
    },
    {
        "pk": 21,
        "model": "albums.photo",
        "fields": {
            "album": 5,
            "uploaded": "2012-07-21T23:08:30.552",
            "description": "",
            "views": 0,
            "image": "albums/1/5/2012-07-21-034403_1366x768_scrot.png",
            "modified": "2012-07-21T23:08:30.552",
            "height": 576,
            "width": 1024,
            "user": 1,
            "order": 6
        }
    },
    {
        "pk": 22,
        "model": "albums.photo",
        "fields": {
            "album": 5,
            "uploaded": "2012-07-21T23:08:31.473",
            "description": "",
            "views": 0,
            "image": "albums/1/5/2012-07-21-024541_1366x768_scrot.png",
            "modified": "2012-07-21T23:08:31.473",
            "height": 576,
            "width": 1024,
            "user": 1,
            "order": 7
        }
    },
    {
        "pk": 23,
        "model": "albums.photo",
        "fields": {
            "album": 5,
            "uploaded": "2012-07-21T23:11:38.965",
            "description": "",
            "views": 0,
            "image": "albums/1/5/2012-04-06 20.07.43_1.jpg",
            "modified": "2012-07-21T23:11:38.965",
            "height": 600,
            "width": 800,
            "user": 1,
            "order": 8
        }
    },
    {
        "pk": 24,
        "model": "albums.photo",
        "fields": {
            "album": 5,
            "uploaded": "2012-07-21T23:13:09.526",
            "description": "",
            "views": 1,
            "image": "albums/1/5/2012-04-06 18.27.26_2.jpg",
            "modified": "2012-08-11T02:26:12.722",
            "height": 768,
            "width": 1024,
            "user": 1,
            "order": 9
        }
    },
    {
        "pk": 25,
        "model": "albums.photo",
        "fields": {
            "album": 5,
            "uploaded": "2012-07-21T23:15:30.257",
            "description": "",
            "views": 0,
            "image": "albums/1/5/2012-04-06 19.26.48_1.jpg",
            "modified": "2012-07-21T23:15:30.257",
            "height": 600,
            "width": 800,
            "user": 1,
            "order": 10
        }
    },
    {
        "pk": 30,
        "model": "albums.photo",
        "fields": {
            "album": 5,
            "uploaded": "2012-07-21T23:19:48.454",
            "description": "",
            "views": 0,
            "image": "albums/1/5/2012-04-06 20.07.43_2.jpg",
            "modified": "2012-07-21T23:19:48.454",
            "height": 600,
            "width": 800,
            "user": 1,
            "order": 11
        }
    },
    {
        "pk": 31,
        "model": "albums.photo",
        "fields": {
            "album": 5,
            "uploaded": "2012-07-21T23:19:49.093",
            "description": "",
            "views": 0,
            "image": "albums/1/5/2012-04-06 19.58.27_1.jpg",
            "modified": "2012-07-21T23:19:49.093",
            "height": 600,
            "width": 800,
            "user": 1,
            "order": 12
        }
    },
    {
        "pk": 32,
        "model": "albums.photo",
        "fields": {
            "album": 5,
            "uploaded": "2012-07-21T23:19:50.119",
            "description": "",
            "views": 0,
            "image": "albums/1/5/2012-04-06 18.27.26_3.jpg",
            "modified": "2012-07-21T23:19:50.119",
            "height": 768,
            "width": 1024,
            "user": 1,
            "order": 13
        }
    },
    {
        "pk": 33,
        "model": "albums.photo",
        "fields": {
            "album": 5,
            "uploaded": "2012-07-21T23:21:26.429",
            "description": "",
            "views": 0,
            "image": "albums/1/5/help.png",
            "modified": "2012-07-21T23:21:26.429",
            "height": 16,
            "width": 16,
            "user": 1,
            "order": 14
        }
    },
    {
        "pk": 34,
        "model": "albums.photo",
        "fields": {
            "album": 5,
            "uploaded": "2012-07-21T23:22:47.813",
            "description": "",
            "views": 0,
            "image": "albums/1/5/help_1.png",
            "modified": "2012-07-21T23:22:47.813",
            "height": 16,
            "width": 16,
            "user": 1,
            "order": 15
        }
    },
    {
        "pk": 35,
        "model": "albums.photo",
        "fields": {
            "album": 5,
            "uploaded": "2012-07-21T23:24:18.812",
            "description": "",
            "views": 0,
            "image": "albums/1/5/help_2.png",
            "modified": "2012-07-21T23:24:18.812",
            "height": 256,
            "width": 256,
            "user": 1,
            "order": 16
        }
    },
    {
        "pk": 36,
        "model": "albums.photo",
        "fields": {
            "album": 5,
            "uploaded": "2012-07-21T23:25:06.314",
            "description": "",
            "views": 0,
            "image": "albums/1/5/help_3.png",
            "modified": "2012-07-21T23:25:06.314",
            "height": 16,
            "width": 16,
            "user": 1,
            "order": 17
        }
    },
    {
        "pk": 37,
        "model": "albums.photo",
        "fields": {
            "album": 5,
            "uploaded": "2012-07-21T23:25:53.422",
            "description": "",
            "views": 0,
            "image": "albums/1/5/help_4.png",
            "modified": "2012-07-21T23:25:53.422",
            "height": 16,
            "width": 16,
            "user": 1,
            "order": 18
        }
    },
    {
        "pk": 38,
        "model": "albums.photo",
        "fields": {
            "album": 5,
            "uploaded": "2012-07-21T23:26:33.562",
            "description": "",
            "views": 0,
            "image": "albums/1/5/help_5.png",
            "modified": "2012-07-21T23:26:33.562",
            "height": 16,
            "width": 16,
            "user": 1,
            "order": 19
        }
    },
    {
        "pk": 39,
        "model": "albums.photo",
        "fields": {
            "album": 5,
            "uploaded": "2012-07-21T23:27:01.461",
            "description": "",
            "views": 0,
            "image": "albums/1/5/help_6.png",
            "modified": "2012-07-21T23:27:01.461",
            "height": 16,
            "width": 16,
            "user": 1,
            "order": 20
        }
    },
    {
        "pk": 40,
        "model": "albums.photo",
        "fields": {
            "album": 5,
            "uploaded": "2012-07-24T20:55:26.162",
            "description": "",
            "views": 0,
            "image": "albums/1/5/edit.png",
            "modified": "2012-07-24T20:55:26.162",
            "height": 32,
            "width": 36,
            "user": 1,
            "order": 21
        }
    },
    {
        "pk": 41,
        "model": "albums.photo",
        "fields": {
            "album": 5,
            "uploaded": "2012-07-27T21:16:32.346",
            "description": "",
            "views": 0,
            "image": "albums/1/5/2012-04-02 00.09.16.jpg",
            "modified": "2012-07-27T21:16:32.346",
            "height": 600,
            "width": 800,
            "user": 1,
            "order": 22
        }
    },
    {
        "pk": 44,
        "model": "albums.photo",
        "fields": {
            "album": 5,
            "uploaded": "2012-08-12T04:40:26.035",
            "description": "",
            "views": 5,
            "image": "albums/1/5/2012-08-09-224554_1366x768_scrot.png",
            "modified": "2012-08-12T04:45:35.966",
            "height": 576,
            "width": 1024,
            "user": 1,
            "order": 23
        }
    },
    {
        "pk": 45,
        "model": "albums.photo",
        "fields": {
            "album": 8,
            "uploaded": "2012-08-18T17:17:14.147",
            "description": "",
            "views": 0,
            "image": "albums/1/8/chameleon.jpg",
            "modified": "2012-08-18T17:17:14.147",
            "height": 576,
            "width": 1024,
            "user": 1,
            "order": 1
        }
    },
    {
        "pk": 46,
        "model": "albums.photo",
        "fields": {
            "album": 8,
            "uploaded": "2012-08-18T17:17:15.573",
            "description": "",
            "views": 0,
            "image": "albums/1/8/fox.jpg",
            "modified": "2012-08-18T17:17:15.573",
            "height": 683,
            "width": 1024,
            "user": 1,
            "order": 2
        }
    },
    {
        "pk": 47,
        "model": "albums.photo",
        "fields": {
            "album": 9,
            "uploaded": "2012-08-18T17:18:34.545",
            "description": "",
            "views": 0,
            "image": "albums/1/9/masstaden_wall1.jpg",
            "modified": "2012-08-18T17:18:34.545",
            "height": 576,
            "width": 1024,
            "user": 1,
            "order": 1
        }
    },
    {
        "pk": 48,
        "model": "albums.photo",
        "fields": {
            "album": 9,
            "uploaded": "2012-08-18T17:18:35.726",
            "description": "",
            "views": 0,
            "image": "albums/1/9/masstaden_wall2.jpg",
            "modified": "2012-08-18T17:18:35.726",
            "height": 576,
            "width": 1024,
            "user": 1,
            "order": 2
        }
    },
    {
        "pk": 28,
        "model": "albums.photo",
        "fields": {
            "album": 7,
            "uploaded": "2012-07-21T23:17:13.648",
            "description": "",
            "views": 0,
            "image": "albums/1/4/2012-04-06 18.26.55.jpg",
            "modified": "2012-08-16T21:38:58.182",
            "height": 768,
            "width": 1024,
            "user": 1,
            "order": 3
        }
    },
    {
        "pk": 1,
        "model": "albums.photo",
        "fields": {
            "album": 3,
            "uploaded": "2012-02-12T12:19:50",
            "description": "",
            "views": 0,
            "image": "albums/3/s5001563.JPG",
            "modified": "2012-02-12T12:19:50",
            "height": 600,
            "width": 800,
            "user": 2,
            "order": 1
        }
    },
    {
        "pk": 26,
        "model": "albums.photo",
        "fields": {
            "album": 4,
            "uploaded": "2012-07-21T23:17:11.920",
            "description": "",
            "views": 0,
            "image": "albums/1/4/2012-04-06 19.58.27_1.jpg",
            "modified": "2012-07-21T23:17:11.920",
            "height": 600,
            "width": 800,
            "user": 1,
            "order": 1
        }
    },
    {
        "pk": 27,
        "model": "albums.photo",
        "fields": {
            "album": 4,
            "uploaded": "2012-07-21T23:17:12.771",
            "description": "",
            "views": 0,
            "image": "albums/1/4/2012-04-06 18.27.26.jpg",
            "modified": "2012-07-21T23:17:12.771",
            "height": 768,
            "width": 1024,
            "user": 1,
            "order": 2
        }
    },
    {
        "pk": 29,
        "model": "albums.photo",
        "fields": {
            "album": 4,
            "uploaded": "2012-07-21T23:18:24.659",
            "description": "",
            "views": 0,
            "image": "albums/1/4/2012-04-06 18.27.26_1.jpg",
            "modified": "2012-07-21T23:18:24.659",
            "height": 768,
            "width": 1024,
            "user": 1,
            "order": 4
        }
    },
    {
        "pk": 1,
        "model": "albums.preferences",
        "fields": {
            "default_uploader": "F",
            "show_direct_link": false,
            "auto_start_uploading": false,
            "user": 1,
            "default_img_size": 0
        }
    },
    {
        "pk": 2,
        "model": "albums.preferences",
        "fields": {
            "default_uploader": "F",
            "show_direct_link": false,
            "auto_start_uploading": false,
            "user": 4,
            "default_img_size": 0
        }
    },
    {
        "pk": 3,
        "model": "albums.preferences",
        "fields": {
            "default_uploader": "F",
            "show_direct_link": false,
            "auto_start_uploading": false,
            "user": 5,
            "default_img_size": 0
        }
    },
    {
        "pk": 4,
        "model": "albums.preferences",
        "fields": {
            "default_uploader": "F",
            "show_direct_link": false,
            "auto_start_uploading": false,
            "user": 6,
            "default_img_size": 0
        }
    },
    {
        "pk": 1,
        "model": "migration.usermigration",
        "fields": {
            "username": "Anonymous",
            "hash": null,
            "username_clean": "anonymous",
            "email": "anon@anon.org"
        }
    },
    {
        "pk": 10,
        "model": "migration.usermigration",
        "fields": {
            "username": "BBT",
            "hash": "",
            "username_clean": "bbt",
            "email": "sergeimaertens@gmail.com"
        }
    },
    {
        "pk": 7,
        "model": "migration.usermigration",
        "fields": {
            "username": "djon",
            "hash": "07fc0ff381f17664fe9ed2e8",
            "username_clean": "djon",
            "email": "djon_stam@hotmail.com"
        }
    },
    {
        "pk": 6,
        "model": "migration.usermigration",
        "fields": {
            "username": "j provo",
            "hash": "c41da8c3d98a51820a427913",
            "username_clean": "j provo",
            "email": "jprovo@mac.com"
        }
    },
    {
        "pk": 9,
        "model": "migration.usermigration",
        "fields": {
            "username": "jmdkdb",
            "hash": "c00fb8b25c1ba50009bf05ba",
            "username_clean": "jmdkdb",
            "email": "jeffaboy91@hotmail.com"
        }
    },
    {
        "pk": 4,
        "model": "migration.usermigration",
        "fields": {
            "username": "Marcel174",
            "hash": null,
            "username_clean": "marcel174",
            "email": "m.voogd@hotmail.com"
        }
    },
    {
        "pk": 3,
        "model": "migration.usermigration",
        "fields": {
            "username": "Ruward11",
            "hash": null,
            "username_clean": "ruward11",
            "email": "ruwa.rd@live.nl"
        }
    },
    {
        "pk": 8,
        "model": "migration.usermigration",
        "fields": {
            "username": "ruwie",
            "hash": "35be5fc5e8ed6b53fed5a0ba",
            "username_clean": "ruwie",
            "email": "ruward@live.nl"
        }
    },
    {
        "pk": 5,
        "model": "migration.usermigration",
        "fields": {
            "username": "vliegtuigbouwer",
            "hash": null,
            "username_clean": "vliegtuigbouwer",
            "email": "tristan_van_leest@live.nl"
        }
    }
]