[
    {
        "pk": 1, 
        "model": "auth.group", 
        "fields": {
            "name": "Beta albums", 
            "permissions": [
                66
            ]
        }
    }, 
    {
        "pk": 3, 
        "model": "auth.user", 
        "fields": {
            "username": "joe_silent", 
            "first_name": "", 
            "last_name": "", 
            "is_active": true, 
            "is_superuser": false, 
            "is_staff": false, 
            "last_login": "2011-01-10T14:04:16", 
            "groups": [], 
            "user_permissions": [], 
            "password": "sha1$5f85b$d03537e8147c7f552ba97e2d6fce1f9f8a7ca7e4", 
            "email": "", 
            "date_joined": "2011-01-10T14:03:10"
        }
    }, 
    {
        "pk": 17, 
        "model": "auth.user", 
        "fields": {
            "username": "djon", 
            "first_name": "", 
            "last_name": "", 
            "is_active": false, 
            "is_superuser": false, 
            "is_staff": false, 
            "last_login": "2012-09-04T21:51:54.247", 
            "groups": [], 
            "user_permissions": [], 
            "password": "pbkdf2_sha256$10000$x9b9mIPL28y1$j7CEyP2PJ29vGZISRdPR4lQf8DE6TMsz5iRNMC4ULFs=", 
            "email": "djon_stam@hotmail.com", 
            "date_joined": "2012-09-04T21:51:54.247"
        }
    }, 
    {
        "pk": 13, 
        "model": "auth.user", 
        "fields": {
            "username": "Ren\u00e9_Duret", 
            "first_name": "", 
            "last_name": "", 
            "is_active": true, 
            "is_superuser": false, 
            "is_staff": false, 
            "last_login": "2012-09-04T23:27:56.957", 
            "groups": [], 
            "user_permissions": [], 
            "password": "pbkdf2_sha256$10000$0UuoxnixnCBd$up4t0Rza/NyxMBEy6aUT7ZI6uzGqbD2GUzXor/YZ1gQ=", 
            "email": "reneduret@casema.nl", 
            "date_joined": "2012-09-04T19:55:10.078"
        }
    }, 
    {
        "pk": 22, 
        "model": "auth.user", 
        "fields": {
            "username": "test5", 
            "first_name": "", 
            "last_name": "", 
            "is_active": false, 
            "is_superuser": false, 
            "is_staff": false, 
            "last_login": "2013-03-29T16:34:19.366", 
            "groups": [], 
            "user_permissions": [], 
            "password": "pbkdf2_sha256$10000$2vgmGGfHJvXC$41fW/Za+Ys8mpcmXbAUccmzC/ESmRN3thxTRIt444VA=", 
            "email": "test5@foobar.com", 
            "date_joined": "2013-03-29T16:34:19.366"
        }
    }, 
    {
        "pk": 1, 
        "model": "auth.user", 
        "fields": {
            "username": "BBT", 
            "first_name": "Sergei", 
            "last_name": "Maertens", 
            "is_active": true, 
            "is_superuser": true, 
            "is_staff": true, 
            "last_login": "2013-05-28T23:40:46.688", 
            "groups": [], 
            "user_permissions": [], 
            "password": "pbkdf2_sha256$10000$XpY55ffQEb4s$YtJJQnzoCDjTTOE7iBe3BsSuFUkMkjxqBHC9cfZI3Qk=", 
            "email": "sergeimaertens@gmail.com", 
            "date_joined": "2010-11-28T01:58:00"
        }
    }, 
    {
        "pk": 23, 
        "model": "auth.user", 
        "fields": {
            "username": "brouwers", 
            "first_name": "", 
            "last_name": "", 
            "is_active": true, 
            "is_superuser": true, 
            "is_staff": true, 
            "last_login": "2013-05-28T23:41:01", 
            "groups": [], 
            "user_permissions": [], 
            "password": "pbkdf2_sha256$10000$g8KTa7dWWvqm$N6Y/hxNc1mreBVofDUTBQEJzJW1GqmEUvneLB2rkk9U=", 
            "email": "", 
            "date_joined": "2013-05-28T23:41:01"
        }
    }, 
    {
        "pk": 18, 
        "model": "auth.user", 
        "fields": {
            "username": "Jef", 
            "first_name": "", 
            "last_name": "", 
            "is_active": false, 
            "is_superuser": false, 
            "is_staff": false, 
            "last_login": "2013-01-04T14:00:12.111", 
            "groups": [], 
            "user_permissions": [], 
            "password": "pbkdf2_sha256$10000$gN0p4Ewce02J$rBBUJJS+pCNersxuV8khMEzDCmzxcVGIXDmQlLk9JDQ=", 
            "email": "jef@jef.com", 
            "date_joined": "2013-01-04T14:00:12.111"
        }
    }, 
    {
        "pk": 2, 
        "model": "auth.user", 
        "fields": {
            "username": "Mytheny", 
            "first_name": "", 
            "last_name": "", 
            "is_active": true, 
            "is_superuser": true, 
            "is_staff": true, 
            "last_login": "2010-11-28T19:36:00", 
            "groups": [], 
            "user_permissions": [], 
            "password": "pbkdf2_sha256$10000$4tvBacrncm0I$5gY+gSxN4d+bt2mxjUa3R1SC7ZErOfOmp+jqiW9kjHY=", 
            "email": "", 
            "date_joined": "2010-11-28T19:36:00"
        }
    }, 
    {
        "pk": 4, 
        "model": "auth.user", 
        "fields": {
            "username": "test", 
            "first_name": "", 
            "last_name": "", 
            "is_active": true, 
            "is_superuser": false, 
            "is_staff": false, 
            "last_login": "2013-03-23T01:13:48.641", 
            "groups": [
                1
            ], 
            "user_permissions": [], 
            "password": "pbkdf2_sha256$10000$2XlRm0F30Y7I$aPYviDxjpqE6TtC/Vvf8i50Ju+5d96jlCAIrIhnDc1g=", 
            "email": "test@test.com", 
            "date_joined": "2012-07-30T22:54:15"
        }
    }, 
    {
        "pk": 19, 
        "model": "auth.user", 
        "fields": {
            "username": "Test_reg_log", 
            "first_name": "", 
            "last_name": "", 
            "is_active": true, 
            "is_superuser": false, 
            "is_staff": false, 
            "last_login": "2013-03-29T02:22:20.374", 
            "groups": [], 
            "user_permissions": [], 
            "password": "pbkdf2_sha256$10000$leZjD8dgjccl$I24ewYolJP89QJw6i5vPGJfPYRQqSJXeA84aCFq3hss=", 
            "email": "test2@test.com", 
            "date_joined": "2013-03-29T02:22:20.016"
        }
    }, 
    {
        "pk": 20, 
        "model": "auth.user", 
        "fields": {
            "username": "Test3", 
            "first_name": "", 
            "last_name": "", 
            "is_active": true, 
            "is_superuser": false, 
            "is_staff": false, 
            "last_login": "2013-03-29T15:56:07.013", 
            "groups": [], 
            "user_permissions": [], 
            "password": "pbkdf2_sha256$10000$jBb21XiZf1M1$wxGcuuMa4eJ20uznqGLzW7VJnwGcDIIS+Cy9fHBaAuw=", 
            "email": "test3@test.com", 
            "date_joined": "2013-03-29T15:56:06.679"
        }
    }, 
    {
        "pk": 21, 
        "model": "auth.user", 
        "fields": {
            "username": "test4", 
            "first_name": "", 
            "last_name": "", 
            "is_active": false, 
            "is_superuser": false, 
            "is_staff": false, 
            "last_login": "2013-03-29T16:03:58.954", 
            "groups": [], 
            "user_permissions": [], 
            "password": "pbkdf2_sha256$10000$BIELIClQDfkf$tYY5eQZQcAU/jzMUvP9Z1P/ji71RZRh4FWVv57X1J2U=", 
            "email": "test4@test.com", 
            "date_joined": "2013-03-29T16:03:58.954"
        }
    }, 
    {
        "pk": 1, 
        "model": "south.migrationhistory", 
        "fields": {
            "applied": "2012-12-21T18:34:47.934", 
            "app_name": "shirts", 
            "migration": "0001_initial"
        }
    }, 
    {
        "pk": 2, 
        "model": "south.migrationhistory", 
        "fields": {
            "applied": "2012-12-21T18:35:07.862", 
            "app_name": "shirts", 
            "migration": "0002_auto__add_field_shirtorder_delivered"
        }
    }, 
    {
        "pk": 3, 
        "model": "south.migrationhistory", 
        "fields": {
            "applied": "2013-03-29T15:52:15.281", 
            "app_name": "general", 
            "migration": "0001_initial"
        }
    }, 
    {
        "pk": 4, 
        "model": "south.migrationhistory", 
        "fields": {
            "applied": "2013-03-29T15:56:00.487", 
            "app_name": "general", 
            "migration": "0002_auto__add_field_registrationattempt_type_of_visitor"
        }
    }, 
    {
        "pk": 1, 
        "model": "albums.category", 
        "fields": {
            "url": "", 
            "public": false, 
            "name": "Herpaderp!", 
            "on_frontpage": true, 
            "order": 1
        }
    }, 
    {
        "pk": 44, 
        "model": "albums.album", 
        "fields": {
            "category": 1, 
            "votes": 0, 
            "trash": false, 
            "description": "Dit is een testbeschrijving, die ik redelijk lang ga maken om te testen of die popup een beetje deftig is. 't Moet natuurlijk wel lang genoeg zijn he.", 
            "clean_title": "Foo bar versus baz: ronde 10.", 
            "last_upload": "2013-03-25T15:23:20", 
            "views": 3, 
            "title": "Foo bar versus baz: ronde 10.", 
            "cover": 14, 
            "modified": "2013-04-04T20:33:53.600", 
            "created": "2013-03-25T15:17:16.259", 
            "public": true, 
            "user": 1, 
            "writable_to": "u", 
            "build_report": "", 
            "order": 1
        }
    }, 
    {
        "pk": 33, 
        "model": "albums.album", 
        "fields": {
            "category": null, 
            "votes": 0, 
            "trash": false, 
            "description": "Verborgen album", 
            "clean_title": "Testje groep, verborgen album", 
            "last_upload": "2013-03-23T01:20:11.810", 
            "views": 4, 
            "title": "Testje groep, verborgen album", 
            "cover": 13, 
            "modified": "2013-03-24T21:43:10.437", 
            "created": "2013-03-23T01:14:19.181", 
            "public": false, 
            "user": 4, 
            "writable_to": "g", 
            "build_report": "", 
            "order": 1
        }
    }, 
    {
        "pk": 12, 
        "model": "albums.album", 
        "fields": {
            "category": null, 
            "votes": 0, 
            "trash": true, 
            "description": "", 
            "clean_title": "Een nieuw album", 
            "last_upload": "1970-01-01T00:00:00", 
            "views": 0, 
            "title": "trash_22032013_23.27.1363991274_Een nieuw album", 
            "cover": null, 
            "modified": "2013-03-22T23:27:54.284", 
            "created": "2013-03-22T23:03:06.387", 
            "public": true, 
            "user": 1, 
            "writable_to": "g", 
            "build_report": "", 
            "order": 1
        }
    }, 
    {
        "pk": 47, 
        "model": "albums.album", 
        "fields": {
            "category": null, 
            "votes": 0, 
            "trash": false, 
            "description": "", 
            "clean_title": "Een normale titel", 
            "last_upload": "1970-01-01T00:00:00", 
            "views": 1, 
            "title": "Een normale titel", 
            "cover": null, 
            "modified": "2013-03-25T16:12:33.545", 
            "created": "2013-03-25T15:34:56.008", 
            "public": true, 
            "user": 1, 
            "writable_to": "u", 
            "build_report": "", 
            "order": 2
        }
    }, 
    {
        "pk": 1, 
        "model": "albums.album", 
        "fields": {
            "category": null, 
            "votes": 0, 
            "trash": true, 
            "description": "", 
            "clean_title": "test upload seamonkey", 
            "last_upload": "2012-12-03T00:06:05.941", 
            "views": 22, 
            "title": "trash_22032013_23.27.1363991276_test upload seamonkey", 
            "cover": 1, 
            "modified": "2013-03-22T23:27:56.389", 
            "created": "2012-11-23T21:36:47.394", 
            "public": true, 
            "user": 1, 
            "writable_to": "g", 
            "build_report": "", 
            "order": 2
        }
    }, 
    {
        "pk": 4, 
        "model": "albums.album", 
        "fields": {
            "category": null, 
            "votes": 0, 
            "trash": true, 
            "description": "", 
            "clean_title": "Random", 
            "last_upload": "2012-12-20T05:16:58.023", 
            "views": 5, 
            "title": "trash_22032013_23.27.1363991278_Random", 
            "cover": 8, 
            "modified": "2013-03-22T23:27:58.395", 
            "created": "2012-12-15T12:05:53.764", 
            "public": true, 
            "user": 1, 
            "writable_to": "g", 
            "build_report": "", 
            "order": 2
        }
    }, 
    {
        "pk": 32, 
        "model": "albums.album", 
        "fields": {
            "category": null, 
            "votes": 0, 
            "trash": false, 
            "description": "", 
            "clean_title": "werkt dit nog?", 
            "last_upload": "1970-01-01T00:00:00", 
            "views": 1, 
            "title": "werkt dit nog?", 
            "cover": null, 
            "modified": "2013-03-25T16:12:27.307", 
            "created": "2013-03-23T00:29:14.094", 
            "public": true, 
            "user": 1, 
            "writable_to": "u", 
            "build_report": "", 
            "order": 3
        }
    }, 
    {
        "pk": 5, 
        "model": "albums.album", 
        "fields": {
            "category": null, 
            "votes": 0, 
            "trash": true, 
            "description": "", 
            "clean_title": "album 19-12-2012", 
            "last_upload": "1970-01-01T00:00:00", 
            "views": 0, 
            "title": "trash_19122012_04.03.1355886193_album 19-12-2012", 
            "cover": null, 
            "modified": "2012-12-19T04:03:13.980", 
            "created": "2012-12-19T04:02:50.054", 
            "public": true, 
            "user": 1, 
            "writable_to": "u", 
            "build_report": "", 
            "order": 21
        }
    }, 
    {
        "pk": 3, 
        "model": "albums.album", 
        "fields": {
            "category": null, 
            "votes": 0, 
            "trash": true, 
            "description": "", 
            "clean_title": "test", 
            "last_upload": "1970-01-01T00:00:00", 
            "views": 1, 
            "title": "trash_19122012_04.03.1355886194_test", 
            "cover": null, 
            "modified": "2012-12-19T04:03:14.650", 
            "created": "2012-12-15T11:53:39.862", 
            "public": true, 
            "user": 1, 
            "writable_to": "u", 
            "build_report": "", 
            "order": 21
        }
    }, 
    {
        "pk": 16, 
        "model": "albums.album", 
        "fields": {
            "category": null, 
            "votes": 0, 
            "trash": true, 
            "description": "", 
            "clean_title": "dfsafsadfas", 
            "last_upload": "1970-01-01T00:00:00", 
            "views": 0, 
            "title": "trash_22032013_23.23.1363991011_dfsafsadfas", 
            "cover": null, 
            "modified": "2013-03-22T23:23:31.458", 
            "created": "2013-03-22T23:20:49.738", 
            "public": true, 
            "user": 1, 
            "writable_to": "u", 
            "build_report": "", 
            "order": 21
        }
    }, 
    {
        "pk": 14, 
        "model": "albums.album", 
        "fields": {
            "category": null, 
            "votes": 0, 
            "trash": true, 
            "description": "", 
            "clean_title": "foobarbaz", 
            "last_upload": "1970-01-01T00:00:00", 
            "views": 0, 
            "title": "trash_22032013_23.23.1363991013_foobarbaz", 
            "cover": null, 
            "modified": "2013-03-22T23:23:33.460", 
            "created": "2013-03-22T23:19:17.254", 
            "public": true, 
            "user": 1, 
            "writable_to": "u", 
            "build_report": "", 
            "order": 21
        }
    }, 
    {
        "pk": 15, 
        "model": "albums.album", 
        "fields": {
            "category": null, 
            "votes": 0, 
            "trash": true, 
            "description": "", 
            "clean_title": "safsadf", 
            "last_upload": "1970-01-01T00:00:00", 
            "views": 0, 
            "title": "trash_22032013_23.23.1363991015_safsadf", 
            "cover": null, 
            "modified": "2013-03-22T23:23:35.310", 
            "created": "2013-03-22T23:19:54.733", 
            "public": true, 
            "user": 1, 
            "writable_to": "u", 
            "build_report": "", 
            "order": 21
        }
    }, 
    {
        "pk": 11, 
        "model": "albums.album", 
        "fields": {
            "category": null, 
            "votes": 0, 
            "trash": true, 
            "description": "", 
            "clean_title": "foobar", 
            "last_upload": "1970-01-01T00:00:00", 
            "views": 0, 
            "title": "trash_22032013_23.23.1363991017_foobar", 
            "cover": null, 
            "modified": "2013-03-22T23:23:37.945", 
            "created": "2013-02-23T16:16:51.033", 
            "public": true, 
            "user": 1, 
            "writable_to": "u", 
            "build_report": "", 
            "order": 21
        }
    }, 
    {
        "pk": 6, 
        "model": "albums.album", 
        "fields": {
            "category": null, 
            "votes": 0, 
            "trash": true, 
            "description": "", 
            "clean_title": "Testje2", 
            "last_upload": "1970-01-01T00:00:00", 
            "views": 0, 
            "title": "trash_22032013_23.23.1363991019_Testje2", 
            "cover": null, 
            "modified": "2013-03-22T23:23:39.589", 
            "created": "2013-02-23T15:15:25.952", 
            "public": true, 
            "user": 1, 
            "writable_to": "u", 
            "build_report": "", 
            "order": 21
        }
    }, 
    {
        "pk": 8, 
        "model": "albums.album", 
        "fields": {
            "category": null, 
            "votes": 0, 
            "trash": true, 
            "description": "", 
            "clean_title": "kapot", 
            "last_upload": "1970-01-01T00:00:00", 
            "views": 0, 
            "title": "trash_22032013_23.23.1363991021_kapot", 
            "cover": null, 
            "modified": "2013-03-22T23:23:41.555", 
            "created": "2013-02-23T15:52:34.017", 
            "public": true, 
            "user": 1, 
            "writable_to": "u", 
            "build_report": "", 
            "order": 21
        }
    }, 
    {
        "pk": 13, 
        "model": "albums.album", 
        "fields": {
            "category": null, 
            "votes": 0, 
            "trash": true, 
            "description": "", 
            "clean_title": "foo bar baz", 
            "last_upload": "1970-01-01T00:00:00", 
            "views": 0, 
            "title": "trash_22032013_23.23.1363991023_foo bar baz", 
            "cover": null, 
            "modified": "2013-03-22T23:23:43.466", 
            "created": "2013-03-22T23:17:20.514", 
            "public": true, 
            "user": 1, 
            "writable_to": "u", 
            "build_report": "", 
            "order": 21
        }
    }, 
    {
        "pk": 9, 
        "model": "albums.album", 
        "fields": {
            "category": null, 
            "votes": 0, 
            "trash": true, 
            "description": "", 
            "clean_title": "ldsj;f", 
            "last_upload": "1970-01-01T00:00:00", 
            "views": 0, 
            "title": "trash_22032013_23.23.1363991026_ldsj;f", 
            "cover": null, 
            "modified": "2013-03-22T23:23:46.390", 
            "created": "2013-02-23T16:02:13.197", 
            "public": true, 
            "user": 1, 
            "writable_to": "u", 
            "build_report": "", 
            "order": 21
        }
    }, 
    {
        "pk": 10, 
        "model": "albums.album", 
        "fields": {
            "category": null, 
            "votes": 0, 
            "trash": true, 
            "description": "", 
            "clean_title": "testjebla", 
            "last_upload": "1970-01-01T00:00:00", 
            "views": 0, 
            "title": "trash_22032013_23.23.1363991028_testjebla", 
            "cover": null, 
            "modified": "2013-03-22T23:23:48.561", 
            "created": "2013-02-23T16:13:14.693", 
            "public": true, 
            "user": 1, 
            "writable_to": "u", 
            "build_report": "", 
            "order": 21
        }
    }, 
    {
        "pk": 2, 
        "model": "albums.album", 
        "fields": {
            "category": null, 
            "votes": 0, 
            "trash": true, 
            "description": "", 
            "clean_title": "nieuw album", 
            "last_upload": "1970-01-01T00:00:00", 
            "views": 0, 
            "title": "trash_22032013_23.23.1363991030_nieuw album", 
            "cover": null, 
            "modified": "2013-03-22T23:23:50.736", 
            "created": "2012-12-15T11:53:05.647", 
            "public": true, 
            "user": 1, 
            "writable_to": "u", 
            "build_report": "", 
            "order": 21
        }
    }, 
    {
        "pk": 7, 
        "model": "albums.album", 
        "fields": {
            "category": null, 
            "votes": 0, 
            "trash": true, 
            "description": "", 
            "clean_title": "herpderp", 
            "last_upload": "1970-01-01T00:00:00", 
            "views": 0, 
            "title": "trash_22032013_23.23.1363991032_herpderp", 
            "cover": null, 
            "modified": "2013-03-22T23:23:52.954", 
            "created": "2013-02-23T15:40:58.264", 
            "public": true, 
            "user": 1, 
            "writable_to": "u", 
            "build_report": "", 
            "order": 21
        }
    }, 
    {
        "pk": 18, 
        "model": "albums.album", 
        "fields": {
            "category": null, 
            "votes": 0, 
            "trash": true, 
            "description": "", 
            "clean_title": "dfgdsgsd", 
            "last_upload": "1970-01-01T00:00:00", 
            "views": 0, 
            "title": "trash_22032013_23.35.1363991750_dfgdsgsd", 
            "cover": null, 
            "modified": "2013-03-22T23:35:50.974", 
            "created": "2013-03-22T23:31:06.850", 
            "public": true, 
            "user": 1, 
            "writable_to": "u", 
            "build_report": "", 
            "order": 21
        }
    }, 
    {
        "pk": 21, 
        "model": "albums.album", 
        "fields": {
            "category": null, 
            "votes": 0, 
            "trash": true, 
            "description": "", 
            "clean_title": "fooooooo", 
            "last_upload": "1970-01-01T00:00:00", 
            "views": 0, 
            "title": "trash_22032013_23.35.1363991752_fooooooo", 
            "cover": null, 
            "modified": "2013-03-22T23:35:52.762", 
            "created": "2013-03-22T23:33:42.395", 
            "public": true, 
            "user": 1, 
            "writable_to": "u", 
            "build_report": "", 
            "order": 21
        }
    }, 
    {
        "pk": 20, 
        "model": "albums.album", 
        "fields": {
            "category": null, 
            "votes": 0, 
            "trash": true, 
            "description": "", 
            "clean_title": "foobar", 
            "last_upload": "1970-01-01T00:00:00", 
            "views": 0, 
            "title": "trash_22032013_23.35.1363991754_foobar", 
            "cover": null, 
            "modified": "2013-03-22T23:35:54.840", 
            "created": "2013-03-22T23:32:42.385", 
            "public": true, 
            "user": 1, 
            "writable_to": "u", 
            "build_report": "", 
            "order": 21
        }
    }, 
    {
        "pk": 19, 
        "model": "albums.album", 
        "fields": {
            "category": null, 
            "votes": 0, 
            "trash": true, 
            "description": "", 
            "clean_title": "sadfsrea", 
            "last_upload": "1970-01-01T00:00:00", 
            "views": 0, 
            "title": "trash_22032013_23.35.1363991756_sadfsrea", 
            "cover": null, 
            "modified": "2013-03-22T23:35:56.830", 
            "created": "2013-03-22T23:32:19.726", 
            "public": true, 
            "user": 1, 
            "writable_to": "u", 
            "build_report": "", 
            "order": 21
        }
    }, 
    {
        "pk": 22, 
        "model": "albums.album", 
        "fields": {
            "category": null, 
            "votes": 0, 
            "trash": true, 
            "description": "", 
            "clean_title": "foobar", 
            "last_upload": "1970-01-01T00:00:00", 
            "views": 0, 
            "title": "trash_22032013_23.38.1363991936_foobar", 
            "cover": null, 
            "modified": "2013-03-22T23:38:56.253", 
            "created": "2013-03-22T23:36:04.472", 
            "public": true, 
            "user": 1, 
            "writable_to": "u", 
            "build_report": "", 
            "order": 21
        }
    }, 
    {
        "pk": 23, 
        "model": "albums.album", 
        "fields": {
            "category": null, 
            "votes": 0, 
            "trash": true, 
            "description": "", 
            "clean_title": "lksadj;falks;dfja;l", 
            "last_upload": "1970-01-01T00:00:00", 
            "views": 0, 
            "title": "trash_22032013_23.38.1363991938_lksadj;falks;dfja;l", 
            "cover": null, 
            "modified": "2013-03-22T23:38:58.945", 
            "created": "2013-03-22T23:36:27.074", 
            "public": true, 
            "user": 1, 
            "writable_to": "u", 
            "build_report": "", 
            "order": 21
        }
    }, 
    {
        "pk": 17, 
        "model": "albums.album", 
        "fields": {
            "category": null, 
            "votes": 0, 
            "trash": true, 
            "description": "", 
            "clean_title": "testje nieuw album", 
            "last_upload": "1970-01-01T00:00:00", 
            "views": 0, 
            "title": "trash_22032013_23.39.1363991942_testje nieuw album", 
            "cover": null, 
            "modified": "2013-03-22T23:39:02.166", 
            "created": "2013-03-22T23:24:21.069", 
            "public": true, 
            "user": 1, 
            "writable_to": "u", 
            "build_report": "", 
            "order": 21
        }
    }, 
    {
        "pk": 28, 
        "model": "albums.album", 
        "fields": {
            "category": null, 
            "votes": 0, 
            "trash": true, 
            "description": "", 
            "clean_title": "asdfasdfa", 
            "last_upload": "1970-01-01T00:00:00", 
            "views": 0, 
            "title": "trash_22032013_23.42.1363992164_asdfasdfa", 
            "cover": null, 
            "modified": "2013-03-22T23:42:44.177", 
            "created": "2013-03-22T23:40:34.245", 
            "public": true, 
            "user": 1, 
            "writable_to": "u", 
            "build_report": "", 
            "order": 21
        }
    }, 
    {
        "pk": 26, 
        "model": "albums.album", 
        "fields": {
            "category": null, 
            "votes": 0, 
            "trash": true, 
            "description": "", 
            "clean_title": "nieuw album", 
            "last_upload": "1970-01-01T00:00:00", 
            "views": 0, 
            "title": "trash_22032013_23.42.1363992166_nieuw album", 
            "cover": null, 
            "modified": "2013-03-22T23:42:46.792", 
            "created": "2013-03-22T23:39:41.645", 
            "public": true, 
            "user": 1, 
            "writable_to": "u", 
            "build_report": "", 
            "order": 21
        }
    }, 
    {
        "pk": 27, 
        "model": "albums.album", 
        "fields": {
            "category": null, 
            "votes": 0, 
            "trash": true, 
            "description": "", 
            "clean_title": "nieuw album 2", 
            "last_upload": "1970-01-01T00:00:00", 
            "views": 0, 
            "title": "trash_22032013_23.42.1363992168_nieuw album 2", 
            "cover": null, 
            "modified": "2013-03-22T23:42:48.666", 
            "created": "2013-03-22T23:40:04.498", 
            "public": true, 
            "user": 1, 
            "writable_to": "u", 
            "build_report": "", 
            "order": 21
        }
    }, 
    {
        "pk": 25, 
        "model": "albums.album", 
        "fields": {
            "category": null, 
            "votes": 0, 
            "trash": true, 
            "description": "", 
            "clean_title": "test", 
            "last_upload": "2013-03-22T23:39:24.290", 
            "views": 1, 
            "title": "trash_22032013_23.42.1363992170_test", 
            "cover": 12, 
            "modified": "2013-03-22T23:42:50.316", 
            "created": "2013-03-22T23:39:12.067", 
            "public": true, 
            "user": 1, 
            "writable_to": "u", 
            "build_report": "", 
            "order": 21
        }
    }, 
    {
        "pk": 24, 
        "model": "albums.album", 
        "fields": {
            "category": null, 
            "votes": 0, 
            "trash": true, 
            "description": "", 
            "clean_title": "fdas", 
            "last_upload": "1970-01-01T00:00:00", 
            "views": 0, 
            "title": "trash_22032013_23.42.1363992172_fdas", 
            "cover": null, 
            "modified": "2013-03-22T23:42:52.431", 
            "created": "2013-03-22T23:37:28.915", 
            "public": true, 
            "user": 1, 
            "writable_to": "u", 
            "build_report": "", 
            "order": 21
        }
    }, 
    {
        "pk": 30, 
        "model": "albums.album", 
        "fields": {
            "category": null, 
            "votes": 0, 
            "trash": true, 
            "description": "", 
            "clean_title": "album 23-03-2013", 
            "last_upload": "1970-01-01T00:00:00", 
            "views": 0, 
            "title": "trash_23032013_00.29.1363994997_album 23-03-2013", 
            "cover": null, 
            "modified": "2013-03-23T00:29:57.654", 
            "created": "2013-03-23T00:07:02.197", 
            "public": true, 
            "user": 1, 
            "writable_to": "u", 
            "build_report": "", 
            "order": 21
        }
    }, 
    {
        "pk": 29, 
        "model": "albums.album", 
        "fields": {
            "category": null, 
            "votes": 0, 
            "trash": true, 
            "description": "", 
            "clean_title": "album 22-03-2013", 
            "last_upload": "1970-01-01T00:00:00", 
            "views": 0, 
            "title": "trash_23032013_00.29.1363994999_album 22-03-2013", 
            "cover": null, 
            "modified": "2013-03-23T00:29:59.726", 
            "created": "2013-03-22T23:43:02.478", 
            "public": true, 
            "user": 1, 
            "writable_to": "u", 
            "build_report": "", 
            "order": 21
        }
    }, 
    {
        "pk": 31, 
        "model": "albums.album", 
        "fields": {
            "category": null, 
            "votes": 0, 
            "trash": true, 
            "description": "", 
            "clean_title": "foo bar", 
            "last_upload": "1970-01-01T00:00:00", 
            "views": 0, 
            "title": "trash_23032013_00.30.1363995012_foo bar", 
            "cover": null, 
            "modified": "2013-03-23T00:30:12.456", 
            "created": "2013-03-23T00:26:26.563", 
            "public": true, 
            "user": 1, 
            "writable_to": "u", 
            "build_report": "", 
            "order": 21
        }
    }, 
    {
        "pk": 35, 
        "model": "albums.album", 
        "fields": {
            "category": null, 
            "votes": 0, 
            "trash": true, 
            "description": "", 
            "clean_title": "Een nieuw album", 
            "last_upload": "1970-01-01T00:00:00", 
            "views": 0, 
            "title": "trash_25032013_14.52.1364219524_Een nieuw album", 
            "cover": null, 
            "modified": "2013-03-25T14:52:04.115", 
            "created": "2013-03-25T14:25:26.046", 
            "public": true, 
            "user": 1, 
            "writable_to": "u", 
            "build_report": "", 
            "order": 21
        }
    }, 
    {
        "pk": 34, 
        "model": "albums.album", 
        "fields": {
            "category": null, 
            "votes": 0, 
            "trash": true, 
            "description": "", 
            "clean_title": "Testje", 
            "last_upload": "1970-01-01T00:00:00", 
            "views": 0, 
            "title": "trash_25032013_14.52.1364219526_Testje", 
            "cover": null, 
            "modified": "2013-03-25T14:52:06.283", 
            "created": "2013-03-25T14:20:36.207", 
            "public": true, 
            "user": 1, 
            "writable_to": "u", 
            "build_report": "", 
            "order": 21
        }
    }, 
    {
        "pk": 36, 
        "model": "albums.album", 
        "fields": {
            "category": null, 
            "votes": 0, 
            "trash": true, 
            "description": "", 
            "clean_title": "album 25-03-2013", 
            "last_upload": "1970-01-01T00:00:00", 
            "views": 0, 
            "title": "trash_25032013_14.52.1364219527_album 25-03-2013", 
            "cover": null, 
            "modified": "2013-03-25T14:52:07.933", 
            "created": "2013-03-25T14:26:49.386", 
            "public": true, 
            "user": 1, 
            "writable_to": "u", 
            "build_report": "", 
            "order": 21
        }
    }, 
    {
        "pk": 39, 
        "model": "albums.album", 
        "fields": {
            "category": null, 
            "votes": 0, 
            "trash": true, 
            "description": "", 
            "clean_title": "sdfsdf", 
            "last_upload": "1970-01-01T00:00:00", 
            "views": 0, 
            "title": "trash_25032013_14.52.1364219529_sdfsdf", 
            "cover": null, 
            "modified": "2013-03-25T14:52:09.735", 
            "created": "2013-03-25T14:49:17.104", 
            "public": true, 
            "user": 1, 
            "writable_to": "u", 
            "build_report": "", 
            "order": 21
        }
    }, 
    {
        "pk": 37, 
        "model": "albums.album", 
        "fields": {
            "category": null, 
            "votes": 0, 
            "trash": true, 
            "description": "", 
            "clean_title": "test2", 
            "last_upload": "1970-01-01T00:00:00", 
            "views": 0, 
            "title": "trash_25032013_14.52.1364219532_test2", 
            "cover": null, 
            "modified": "2013-03-25T14:52:12.004", 
            "created": "2013-03-25T14:26:57.024", 
            "public": true, 
            "user": 1, 
            "writable_to": "u", 
            "build_report": "", 
            "order": 21
        }
    }, 
    {
        "pk": 38, 
        "model": "albums.album", 
        "fields": {
            "category": null, 
            "votes": 0, 
            "trash": true, 
            "description": "", 
            "clean_title": "testje nieuw album", 
            "last_upload": "1970-01-01T00:00:00", 
            "views": 0, 
            "title": "trash_25032013_14.52.1364219533_testje nieuw album", 
            "cover": null, 
            "modified": "2013-03-25T14:52:13.931", 
            "created": "2013-03-25T14:48:11.375", 
            "public": true, 
            "user": 1, 
            "writable_to": "u", 
            "build_report": "", 
            "order": 21
        }
    }, 
    {
        "pk": 40, 
        "model": "albums.album", 
        "fields": {
            "category": null, 
            "votes": 0, 
            "trash": true, 
            "description": "", 
            "clean_title": "album 25-03-2013", 
            "last_upload": "1970-01-01T00:00:00", 
            "views": 0, 
            "title": "trash_25032013_15.05.1364220352_album 25-03-2013", 
            "cover": null, 
            "modified": "2013-03-25T15:05:52.879", 
            "created": "2013-03-25T15:00:26.847", 
            "public": true, 
            "user": 1, 
            "writable_to": "u", 
            "build_report": "", 
            "order": 21
        }
    }, 
    {
        "pk": 41, 
        "model": "albums.album", 
        "fields": {
            "category": null, 
            "votes": 0, 
            "trash": true, 
            "description": "", 
            "clean_title": "foobar", 
            "last_upload": "1970-01-01T00:00:00", 
            "views": 0, 
            "title": "trash_25032013_15.05.1364220355_foobar", 
            "cover": null, 
            "modified": "2013-03-25T15:05:55.465", 
            "created": "2013-03-25T15:01:05.793", 
            "public": true, 
            "user": 1, 
            "writable_to": "u", 
            "build_report": "", 
            "order": 21
        }
    }, 
    {
        "pk": 42, 
        "model": "albums.album", 
        "fields": {
            "category": null, 
            "votes": 0, 
            "trash": true, 
            "description": "", 
            "clean_title": "foobar", 
            "last_upload": "1970-01-01T00:00:00", 
            "views": 0, 
            "title": "trash_25032013_15.17.1364221027_foobar", 
            "cover": null, 
            "modified": "2013-03-25T15:17:07.299", 
            "created": "2013-03-25T15:06:03.023", 
            "public": true, 
            "user": 1, 
            "writable_to": "u", 
            "build_report": "", 
            "order": 21
        }
    }, 
    {
        "pk": 43, 
        "model": "albums.album", 
        "fields": {
            "category": null, 
            "votes": 0, 
            "trash": true, 
            "description": "", 
            "clean_title": "testje", 
            "last_upload": "1970-01-01T00:00:00", 
            "views": 0, 
            "title": "trash_25032013_15.17.1364221029_testje", 
            "cover": null, 
            "modified": "2013-03-25T15:17:09.272", 
            "created": "2013-03-25T15:13:31.482", 
            "public": true, 
            "user": 1, 
            "writable_to": "u", 
            "build_report": "", 
            "order": 21
        }
    }, 
    {
        "pk": 46, 
        "model": "albums.album", 
        "fields": {
            "category": null, 
            "votes": 0, 
            "trash": true, 
            "description": "", 
            "clean_title": "ldsjfaklsdfj", 
            "last_upload": "1970-01-01T00:00:00", 
            "views": 0, 
            "title": "trash_25032013_15.34.1364222064_ldsjfaklsdfj", 
            "cover": null, 
            "modified": "2013-03-25T15:34:24.611", 
            "created": "2013-03-25T15:30:38.607", 
            "public": true, 
            "user": 1, 
            "writable_to": "u", 
            "build_report": "", 
            "order": 21
        }
    }, 
    {
        "pk": 45, 
        "model": "albums.album", 
        "fields": {
            "category": null, 
            "votes": 0, 
            "trash": true, 
            "description": "", 
            "clean_title": "foooo", 
            "last_upload": "1970-01-01T00:00:00", 
            "views": 0, 
            "title": "trash_25032013_15.34.1364222067_foooo", 
            "cover": null, 
            "modified": "2013-03-25T15:34:27.405", 
            "created": "2013-03-25T15:18:01.232", 
            "public": true, 
            "user": 1, 
            "writable_to": "u", 
            "build_report": "", 
            "order": 21
        }
    }, 
    {
        "pk": 4, 
        "model": "albums.albumgroup", 
        "fields": {
            "album": 33, 
            "users": [
                1, 
                2
            ]
        }
    }, 
    {
        "pk": 1, 
        "model": "albums.albumgroup", 
        "fields": {
            "album": 1, 
            "users": [
                3, 
                2, 
                4
            ]
        }
    }, 
    {
        "pk": 2, 
        "model": "albums.albumgroup", 
        "fields": {
            "album": 4, 
            "users": [
                1, 
                2
            ]
        }
    }, 
    {
        "pk": 3, 
        "model": "albums.albumgroup", 
        "fields": {
            "album": 32, 
            "users": []
        }
    }, 
    {
        "pk": 14, 
        "model": "albums.photo", 
        "fields": {
            "album": 44, 
            "uploaded": "2013-03-25T15:23:19.251", 
            "description": "", 
            "views": 1, 
            "image": "albums/1/44/acres cover.jpg", 
            "modified": "2013-04-04T20:42:58.843", 
            "height": 350, 
            "width": 350, 
            "user": 1, 
            "trash": false, 
            "order": 1
        }
    }, 
    {
        "pk": 15, 
        "model": "albums.photo", 
        "fields": {
            "album": 44, 
            "uploaded": "2013-03-25T15:23:19.711", 
            "description": "", 
            "views": 45, 
            "image": "albums/1/44/chameleon.jpg", 
            "modified": "2013-04-04T20:55:04.434", 
            "height": 576, 
            "width": 1024, 
            "user": 1, 
            "trash": false, 
            "order": 2
        }
    }, 
    {
        "pk": 16, 
        "model": "albums.photo", 
        "fields": {
            "album": 44, 
            "uploaded": "2013-03-25T15:23:20.329", 
            "description": "", 
            "views": 0, 
            "image": "albums/1/44/fox.jpg", 
            "modified": "2013-03-25T15:23:20.329", 
            "height": 683, 
            "width": 1024, 
            "user": 1, 
            "trash": false, 
            "order": 3
        }
    }, 
    {
        "pk": 17, 
        "model": "albums.photo", 
        "fields": {
            "album": 44, 
            "uploaded": "2013-03-25T15:23:20.565", 
            "description": "", 
            "views": 0, 
            "image": "albums/1/44/img1481853198.jpeg", 
            "modified": "2013-03-25T15:23:20.565", 
            "height": 700, 
            "width": 525, 
            "user": 1, 
            "trash": false, 
            "order": 4
        }
    }, 
    {
        "pk": 13, 
        "model": "albums.photo", 
        "fields": {
            "album": 33, 
            "uploaded": "2013-03-23T01:20:11.810", 
            "description": "", 
            "views": 6, 
            "image": "albums/1/33/2013-03-17-221008_1366x768_scrot.png", 
            "modified": "2013-03-24T21:52:42.871", 
            "height": 497, 
            "width": 1024, 
            "user": 1, 
            "trash": false, 
            "order": 1
        }
    }, 
    {
        "pk": 1, 
        "model": "albums.photo", 
        "fields": {
            "album": 1, 
            "uploaded": "2012-11-23T21:37:01.419", 
            "description": "", 
            "views": 3, 
            "image": "albums/1/1/2012-11-23-205015_2646x1024_scrot.png", 
            "modified": "2012-12-02T23:58:55.966", 
            "height": 396, 
            "width": 1024, 
            "user": 1, 
            "trash": false, 
            "order": 1
        }
    }, 
    {
        "pk": 2, 
        "model": "albums.photo", 
        "fields": {
            "album": 1, 
            "uploaded": "2012-11-23T21:41:48.478", 
            "description": "", 
            "views": 42, 
            "image": "albums/1/1/kitreviews_achter.png", 
            "modified": "2012-11-23T22:22:19.709", 
            "height": 35, 
            "width": 173, 
            "user": 1, 
            "trash": false, 
            "order": 2
        }
    }, 
    {
        "pk": 3, 
        "model": "albums.photo", 
        "fields": {
            "album": 1, 
            "uploaded": "2012-11-25T00:17:40.498", 
            "description": "", 
            "views": 0, 
            "image": "albums/1/1/Gr\u00fc\u00df.png", 
            "modified": "2012-11-25T00:17:40.498", 
            "height": 768, 
            "width": 979, 
            "user": 1, 
            "trash": false, 
            "order": 3
        }
    }, 
    {
        "pk": 4, 
        "model": "albums.photo", 
        "fields": {
            "album": 1, 
            "uploaded": "2012-11-25T00:18:14.128", 
            "description": "", 
            "views": 0, 
            "image": "albums/1/1/Gr\u00fc\u00df_1.png", 
            "modified": "2012-11-25T00:18:14.128", 
            "height": 768, 
            "width": 979, 
            "user": 1, 
            "trash": false, 
            "order": 4
        }
    }, 
    {
        "pk": 5, 
        "model": "albums.photo", 
        "fields": {
            "album": 1, 
            "uploaded": "2012-11-25T00:19:17.403", 
            "description": "", 
            "views": 0, 
            "image": "albums/1/1/Gr\u00fc\u00df_2.png", 
            "modified": "2012-11-25T00:19:17.403", 
            "height": 768, 
            "width": 979, 
            "user": 1, 
            "trash": false, 
            "order": 5
        }
    }, 
    {
        "pk": 6, 
        "model": "albums.photo", 
        "fields": {
            "album": 1, 
            "uploaded": "2012-12-03T00:06:05.941", 
            "description": "", 
            "views": 0, 
            "image": "albums/1/1/2012-10-13-141325_1366x768_scrot.png", 
            "modified": "2012-12-03T00:06:05.941", 
            "height": 307, 
            "width": 117, 
            "user": 1, 
            "trash": false, 
            "order": 6
        }
    }, 
    {
        "pk": 7, 
        "model": "albums.photo", 
        "fields": {
            "album": 4, 
            "uploaded": "2012-12-15T12:15:46.530", 
            "description": "", 
            "views": 0, 
            "image": "albums/1/4/IUN5V.jpg", 
            "modified": "2012-12-20T05:17:02.837", 
            "height": 768, 
            "width": 960, 
            "user": 1, 
            "trash": true, 
            "order": 1
        }
    }, 
    {
        "pk": 8, 
        "model": "albums.photo", 
        "fields": {
            "album": 4, 
            "uploaded": "2012-12-15T12:16:53.296", 
            "description": "", 
            "views": 8, 
            "image": "albums/1/4/IUN5V_1.jpg", 
            "modified": "2013-03-24T21:34:57.969", 
            "height": 768, 
            "width": 960, 
            "user": 1, 
            "trash": false, 
            "order": 2
        }
    }, 
    {
        "pk": 9, 
        "model": "albums.photo", 
        "fields": {
            "album": 4, 
            "uploaded": "2012-12-19T04:01:36.329", 
            "description": "", 
            "views": 78, 
            "image": "albums/1/4/IUN5V_2.jpg", 
            "modified": "2013-03-24T21:36:37.059", 
            "height": 768, 
            "width": 960, 
            "user": 1, 
            "trash": false, 
            "order": 3
        }
    }, 
    {
        "pk": 10, 
        "model": "albums.photo", 
        "fields": {
            "album": 4, 
            "uploaded": "2012-12-19T04:38:50.247", 
            "description": "", 
            "views": 11, 
            "image": "albums/1/4/img1481853198.jpeg", 
            "modified": "2013-03-24T21:42:24.263", 
            "height": 700, 
            "width": 525, 
            "user": 1, 
            "trash": false, 
            "order": 4
        }
    }, 
    {
        "pk": 11, 
        "model": "albums.photo", 
        "fields": {
            "album": 4, 
            "uploaded": "2012-12-20T05:16:58.023", 
            "description": "", 
            "views": 4, 
            "image": "albums/1/4/img1481853198_1.jpeg", 
            "modified": "2013-03-24T21:53:40.146", 
            "height": 700, 
            "width": 525, 
            "user": 1, 
            "trash": false, 
            "order": 5
        }
    }, 
    {
        "pk": 12, 
        "model": "albums.photo", 
        "fields": {
            "album": 25, 
            "uploaded": "2013-03-22T23:39:24.290", 
            "description": "", 
            "views": 1, 
            "image": "albums/1/25/info_icon.png", 
            "modified": "2013-03-24T21:34:24.991", 
            "height": 16, 
            "width": 16, 
            "user": 1, 
            "trash": false, 
            "order": 1
        }
    }, 
    {
        "pk": 1, 
        "model": "albums.preferences", 
        "fields": {
            "auto_start_uploading": false, 
            "sidebar_transparent": true, 
            "sidebar_bg_color": "black", 
            "text_color": "", 
            "width": "", 
            "user": 1, 
            "hide_sidebar": false, 
            "default_uploader": "F", 
            "collapse_sidebar": true, 
            "show_direct_link": true, 
            "apply_admin_permissions": false, 
            "default_img_size": 0
        }
    }, 
    {
        "pk": 2, 
        "model": "albums.preferences", 
        "fields": {
            "auto_start_uploading": false, 
            "sidebar_transparent": true, 
            "sidebar_bg_color": "black", 
            "text_color": "", 
            "width": "", 
            "user": 4, 
            "hide_sidebar": false, 
            "default_uploader": "F", 
            "collapse_sidebar": true, 
            "show_direct_link": false, 
            "apply_admin_permissions": false, 
            "default_img_size": 0
        }
    }, 
    {
        "pk": 3, 
        "model": "albums.preferences", 
        "fields": {
            "auto_start_uploading": false, 
            "sidebar_transparent": true, 
            "sidebar_bg_color": "black", 
            "text_color": "", 
            "width": "", 
            "user": 19, 
            "hide_sidebar": false, 
            "default_uploader": "F", 
            "collapse_sidebar": true, 
            "show_direct_link": false, 
            "apply_admin_permissions": false, 
            "default_img_size": 0
        }
    }, 
    {
        "pk": 4, 
        "model": "albums.preferences", 
        "fields": {
            "auto_start_uploading": false, 
            "sidebar_transparent": true, 
            "sidebar_bg_color": "black", 
            "text_color": "", 
            "width": "", 
            "user": 20, 
            "hide_sidebar": false, 
            "default_uploader": "F", 
            "collapse_sidebar": true, 
            "show_direct_link": false, 
            "apply_admin_permissions": false, 
            "default_img_size": 0
        }
    }, 
    {
        "pk": 1, 
        "model": "awards.category", 
        "fields": {
            "name": "Militaire luchtvaart"
        }
    }, 
    {
        "pk": 2, 
        "model": "awards.category", 
        "fields": {
            "name": "Civiele luchtvaart"
        }
    }, 
    {
        "pk": 3, 
        "model": "awards.category", 
        "fields": {
            "name": "Militaire voertuigen"
        }
    }, 
    {
        "pk": 4, 
        "model": "awards.category", 
        "fields": {
            "name": "Figuren"
        }
    }, 
    {
        "pk": 2, 
        "model": "awards.project", 
        "fields": {
            "category": 1, 
            "brouwer": "Ronald1903", 
            "votes": 0, 
            "name": "Su-24M Fencer D - Trumpeter 1/48", 
            "url": "http://www.modelbrouwers.nl/phpBB3/viewtopic.php?f=1&t=27509", 
            "rejected": false, 
            "nominator": 1, 
            "nomination_date": "2011-01-10"
        }
    }, 
    {
        "pk": 4, 
        "model": "awards.project", 
        "fields": {
            "category": 1, 
            "brouwer": "Joe Silent", 
            "votes": 0, 
            "name": "test", 
            "url": "http://www.modelbrouwers.nl/phpBB3/viewtopic.php?f=2&t=26704", 
            "rejected": false, 
            "nominator": 1, 
            "nomination_date": "2010-01-10"
        }
    }, 
    {
        "pk": 1, 
        "model": "awards.project", 
        "fields": {
            "category": 1, 
            "brouwer": "BBT", 
            "votes": 3, 
            "name": "1/144 Revell SU-27 Flanker", 
            "url": "http://www.modelbrouwers.nl/phpBB3/viewtopic.php?f=1&t=28524&p=591859#p591859", 
            "rejected": false, 
            "nominator": 2, 
            "nomination_date": "2011-01-10"
        }
    }, 
    {
        "pk": 3, 
        "model": "awards.project", 
        "fields": {
            "category": 2, 
            "brouwer": "TheFlyingDutchman", 
            "votes": 3, 
            "name": "Boeing 737-600 'Mal\u00e9v Hungari", 
            "url": "http://www.modelbrouwers.nl/phpBB3/viewtopic.php?f=46&t=24875&p=597139#p597139", 
            "rejected": false, 
            "nominator": 1, 
            "nomination_date": "2010-08-11"
        }
    }, 
    {
        "pk": 5, 
        "model": "awards.project", 
        "fields": {
            "category": 3, 
            "brouwer": "Joe Silent", 
            "votes": 0, 
            "name": "sdfqsdfqsdf", 
            "url": "http://www.modelbrouwers.nl/phpBB3/viewtopic.php?f=5&t=12261", 
            "rejected": true, 
            "nominator": 1, 
            "nomination_date": "2011-01-10"
        }
    }, 
    {
        "pk": 2, 
        "model": "forum_tools.forumlinkbase", 
        "fields": {
            "short_description": "Testje", 
            "from_date": "2013-03-25", 
            "enabled": true, 
            "to_date": "2013-09-25", 
            "link_id": "forum_5_sub_0"
        }
    }, 
    {
        "pk": 1, 
        "model": "forum_tools.forumlinksynced", 
        "fields": {
            "base": 2, 
            "link_id": "forum_3_sub_0"
        }
    }, 
    {
        "pk": 1, 
        "model": "general.userprofile", 
        "fields": {
            "province": "Oost-Vlaanderen", 
            "city": "Gent", 
            "refuse": "", 
            "country": "B", 
            "number": "70 bus 509", 
            "categories_voted": [], 
            "street": "Harelbekestraat", 
            "user": 1, 
            "last_vote": "2011-01-02", 
            "secret_santa": true, 
            "postal": "9000", 
            "forum_nickname": "BBT", 
            "exclude_from_nomination": false, 
            "preference": "test"
        }
    }, 
    {
        "pk": 15, 
        "model": "general.userprofile", 
        "fields": {
            "province": null, 
            "city": null, 
            "refuse": null, 
            "country": null, 
            "number": null, 
            "categories_voted": [], 
            "street": null, 
            "user": 18, 
            "last_vote": "2010-01-01", 
            "secret_santa": false, 
            "postal": null, 
            "forum_nickname": "Jef", 
            "exclude_from_nomination": false, 
            "preference": null
        }
    }, 
    {
        "pk": 3, 
        "model": "general.userprofile", 
        "fields": {
            "province": "", 
            "city": "", 
            "refuse": "", 
            "country": null, 
            "number": "", 
            "categories_voted": [
                3
            ], 
            "street": "", 
            "user": 3, 
            "last_vote": "2010-01-01", 
            "secret_santa": false, 
            "postal": "", 
            "forum_nickname": "Joe Silent", 
            "exclude_from_nomination": true, 
            "preference": ""
        }
    }, 
    {
        "pk": 2, 
        "model": "general.userprofile", 
        "fields": {
            "province": "", 
            "city": "", 
            "refuse": "", 
            "country": null, 
            "number": "", 
            "categories_voted": [], 
            "street": "", 
            "user": 2, 
            "last_vote": "2010-01-01", 
            "secret_santa": true, 
            "postal": "", 
            "forum_nickname": "Mytheny", 
            "exclude_from_nomination": false, 
            "preference": ""
        }
    }, 
    {
        "pk": 13, 
        "model": "general.userprofile", 
        "fields": {
            "province": null, 
            "city": null, 
            "refuse": null, 
            "country": null, 
            "number": null, 
            "categories_voted": [], 
            "street": null, 
            "user": 13, 
            "last_vote": "2010-01-01", 
            "secret_santa": false, 
            "postal": null, 
            "forum_nickname": "Ren\u00e9 Duret", 
            "exclude_from_nomination": false, 
            "preference": null
        }
    }, 
    {
        "pk": 16, 
        "model": "general.userprofile", 
        "fields": {
            "province": null, 
            "city": null, 
            "refuse": null, 
            "country": null, 
            "number": null, 
            "categories_voted": [], 
            "street": null, 
            "user": 19, 
            "last_vote": "2010-01-01", 
            "secret_santa": false, 
            "postal": null, 
            "forum_nickname": "Test reg log", 
            "exclude_from_nomination": false, 
            "preference": null
        }
    }, 
    {
        "pk": 17, 
        "model": "general.userprofile", 
        "fields": {
            "province": null, 
            "city": null, 
            "refuse": null, 
            "country": null, 
            "number": null, 
            "categories_voted": [], 
            "street": null, 
            "user": 20, 
            "last_vote": "2010-01-01", 
            "secret_santa": false, 
            "postal": null, 
            "forum_nickname": "Test3", 
            "exclude_from_nomination": false, 
            "preference": null
        }
    }, 
    {
        "pk": 14, 
        "model": "general.userprofile", 
        "fields": {
            "province": null, 
            "city": null, 
            "refuse": null, 
            "country": null, 
            "number": null, 
            "categories_voted": [], 
            "street": null, 
            "user": 17, 
            "last_vote": "2010-01-01", 
            "secret_santa": false, 
            "postal": null, 
            "forum_nickname": "djon", 
            "exclude_from_nomination": false, 
            "preference": null
        }
    }, 
    {
        "pk": 4, 
        "model": "general.userprofile", 
        "fields": {
            "province": null, 
            "city": null, 
            "refuse": null, 
            "country": null, 
            "number": null, 
            "categories_voted": [], 
            "street": null, 
            "user": 4, 
            "last_vote": "2010-01-01", 
            "secret_santa": false, 
            "postal": null, 
            "forum_nickname": "test", 
            "exclude_from_nomination": false, 
            "preference": null
        }
    }, 
    {
        "pk": 18, 
        "model": "general.userprofile", 
        "fields": {
            "province": null, 
            "city": null, 
            "refuse": null, 
            "country": null, 
            "number": null, 
            "categories_voted": [], 
            "street": null, 
            "user": 21, 
            "last_vote": "2010-01-01", 
            "secret_santa": false, 
            "postal": null, 
            "forum_nickname": "test4", 
            "exclude_from_nomination": false, 
            "preference": null
        }
    }, 
    {
        "pk": 19, 
        "model": "general.userprofile", 
        "fields": {
            "province": null, 
            "city": null, 
            "refuse": null, 
            "country": null, 
            "number": null, 
            "categories_voted": [], 
            "street": null, 
            "user": 22, 
            "last_vote": "2010-01-01", 
            "secret_santa": false, 
            "postal": null, 
            "forum_nickname": "test5", 
            "exclude_from_nomination": false, 
            "preference": null
        }
    }, 
    {
        "pk": 1, 
        "model": "general.questionanswer", 
        "fields": {
            "answer": "zeven"
        }
    }, 
    {
        "pk": 2, 
        "model": "general.questionanswer", 
        "fields": {
            "answer": "7"
        }
    }, 
    {
        "pk": 3, 
        "model": "general.questionanswer", 
        "fields": {
            "answer": "ZEVEN"
        }
    }, 
    {
        "pk": 1, 
        "model": "general.registrationquestion", 
        "fields": {
            "question": "Hoeveel bubbels staan er boven de R in het modelbrouwers logo?", 
            "answers": [
                1, 
                2, 
                3
            ], 
            "in_use": true
        }
    }, 
    {
        "pk": 6, 
        "model": "general.registrationattempt", 
        "fields": {
            "username": "test5", 
            "type_of_visitor": "suspicious & comment spammer", 
            "success": true, 
            "timestamp": "2013-03-29T16:34:19.302", 
            "question": 1, 
            "answer": "zeven", 
            "ip_address": "216.152.251.9"
        }
    }, 
    {
        "pk": 5, 
        "model": "general.registrationattempt", 
        "fields": {
            "username": "test4", 
            "type_of_visitor": "suspicious & comment spammer", 
            "success": true, 
            "timestamp": "2013-03-29T16:03:58.889", 
            "question": 1, 
            "answer": "zeven", 
            "ip_address": "216.152.250.147"
        }
    }, 
    {
        "pk": 4, 
        "model": "general.registrationattempt", 
        "fields": {
            "username": "Test3", 
            "type_of_visitor": "suspicious & comment spammer", 
            "success": true, 
            "timestamp": "2013-03-29T15:56:06.609", 
            "question": 1, 
            "answer": "zeven", 
            "ip_address": "216.152.250.147"
        }
    }, 
    {
        "pk": 3, 
        "model": "general.registrationattempt", 
        "fields": {
            "username": "Test reg log", 
            "type_of_visitor": "normal user", 
            "success": true, 
            "timestamp": "2013-03-29T02:22:19.938", 
            "question": 1, 
            "answer": "7", 
            "ip_address": "127.0.0.1"
        }
    }, 
    {
        "pk": 2, 
        "model": "general.registrationattempt", 
        "fields": {
            "username": "Test reg log", 
            "type_of_visitor": "normal user", 
            "success": false, 
            "timestamp": "2013-03-29T02:22:12.770", 
            "question": 1, 
            "answer": "7", 
            "ip_address": "127.0.0.1"
        }
    }, 
    {
        "pk": 1, 
        "model": "general.registrationattempt", 
        "fields": {
            "username": "Foo", 
            "type_of_visitor": "normal user", 
            "success": false, 
            "timestamp": "2013-03-29T02:21:42.897", 
            "question": 1, 
            "answer": "acht", 
            "ip_address": "127.0.0.1"
        }
    }, 
    {
        "pk": 11, 
        "model": "general.passwordreset", 
        "fields": {
            "h": "be8b10a991c9fab682e07e8b", 
            "expire": "2012-09-21T21:22:54.350", 
            "user": 1
        }
    }, 
    {
        "pk": 13, 
        "model": "general.passwordreset", 
        "fields": {
            "h": "4457cebe79aa76f3e701dbd5", 
            "expire": "2012-09-21T21:29:23.247", 
            "user": 1
        }
    }, 
    {
        "pk": 14, 
        "model": "general.passwordreset", 
        "fields": {
            "h": "1da82bf2e59a2a1b3c762285", 
            "expire": "2012-09-21T21:29:23.383", 
            "user": 1
        }
    }, 
    {
        "pk": 15, 
        "model": "general.passwordreset", 
        "fields": {
            "h": "1b76d740626ed264a6310005", 
            "expire": "2012-09-21T21:29:23.519", 
            "user": 1
        }
    }, 
    {
        "pk": 1, 
        "model": "general.redirect", 
        "fields": {
            "path_from": "shop", 
            "path_to": "/albums/"
        }
    }, 
    {
        "pk": 3, 
        "model": "kitreviews.brand", 
        "fields": {
            "is_active": true, 
            "name": "Fujimi"
        }
    }, 
    {
        "pk": 2, 
        "model": "kitreviews.brand", 
        "fields": {
            "is_active": true, 
            "name": "Hasegawa"
        }
    }, 
    {
        "pk": 1, 
        "model": "kitreviews.brand", 
        "fields": {
            "is_active": true, 
            "name": "Revell"
        }
    }, 
    {
        "pk": 4, 
        "model": "kitreviews.brand", 
        "fields": {
            "is_active": true, 
            "name": "Tamiya"
        }
    }, 
    {
        "pk": 6, 
        "model": "kitreviews.scale", 
        "fields": {
            "scale": 25
        }
    }, 
    {
        "pk": 5, 
        "model": "kitreviews.scale", 
        "fields": {
            "scale": 32
        }
    }, 
    {
        "pk": 4, 
        "model": "kitreviews.scale", 
        "fields": {
            "scale": 48
        }
    }, 
    {
        "pk": 2, 
        "model": "kitreviews.scale", 
        "fields": {
            "scale": 72
        }
    }, 
    {
        "pk": 3, 
        "model": "kitreviews.scale", 
        "fields": {
            "scale": 144
        }
    }, 
    {
        "pk": 1, 
        "model": "kitreviews.modelkit", 
        "fields": {
            "scale": 2, 
            "name": "F-4F Phantom II", 
            "brand": 1, 
            "kit_number": "04615", 
            "submitted_on": "2013-05-30T20:17:54.649", 
            "submitter": 1
        }
    }, 
    {
        "pk": 1, 
        "model": "migration.usermigration", 
        "fields": {
            "username": "Jef", 
            "hash": "01d1d4cd1322b6e9fa8cc867", 
            "username_clean": "jef", 
            "email": "jef@jef.com"
        }
    }, 
    {
        "pk": 1, 
        "model": "online_users.trackeduser", 
        "fields": {
            "tracking_since": "2012-09-18T19:30:17.270", 
            "notificate": false, 
            "user": 1, 
            "last_seen": "2013-04-11T06:00:22.022"
        }
    }, 
    {
        "pk": 1, 
        "model": "secret_santa.secretsanta", 
        "fields": {
            "lottery_done": false, 
            "price_class": 15, 
            "enrollment_start": "2012-11-01T00:00:00", 
            "lottery_date": "2012-12-01T00:00:00", 
            "year": 2012, 
            "enrollment_end": "2012-11-30T00:00:00"
        }
    }, 
    {
        "pk": 1, 
        "model": "secret_santa.participant", 
        "fields": {
            "secret_santa": null, 
            "user": 1
        }
    }, 
    {
        "pk": 2, 
        "model": "secret_santa.participant", 
        "fields": {
            "secret_santa": null, 
            "user": 2
        }
    }
]